,ACCOUNT_NO,BRANCH_NO,APPLICATION_CD,INSURANCE_TRUST_TYPE,ATTESTATION_DATE,LAST_UPDATED_CDIC_TIME,LAST_UPDATED_DATE_TIME,LAST_UPDATED_BY
0,32779,6994,CDA,E,,,2021-06-13T18:02:31.594Z,AUTH_ID
1,37485,1675,TRM,E,,,2021-06-13T18:02:31.563Z,AUTH_ID
2,39757,4860,CDA,G,,,2021-06-13T18:02:31.597Z,AUTH_ID
3,9647,7354,CDA,E,,,2021-06-10T18:02:31.517Z,AUTH_ID
4,5362,1854,TRM,E,,,2021-06-13T18:02:31.541Z,AUTH_ID
5,20832,7954,CDA,E,,,2021-06-13T18:02:31.586Z,AUTH_ID
6,34926,1228,TRM,G,,,2021-06-14T18:02:31.531Z,AUTH_ID
7,12069,4560,CDA,G,,,2021-06-13T18:02:31.590Z,AUTH_ID
8,27344,3942,TRM,E,,,2021-06-13T18:02:31.582Z,AUTH_ID
9,5561,3991,TRM,E,,,2021-06-14T18:02:31.509Z,AUTH_ID
10,15043,8453,TRM,E,,,2021-06-15T18:02:31.554Z,AUTH_ID
11,5074,1126,CDA,G,,,2021-06-10T18:02:31.547Z,AUTH_ID
12,31083,4159,CDA,G,,,2021-06-15T18:02:31.543Z,AUTH_ID
13,35562,1162,CDA,G,,,2021-06-11T18:02:31.519Z,AUTH_ID
14,38052,4780,CDA,E,,,2021-06-12T18:02:31.503Z,AUTH_ID
15,20763,1547,CDA,E,,,2021-06-13T18:02:31.582Z,AUTH_ID
16,32571,8686,TRM,G,,,2021-06-13T18:02:31.577Z,AUTH_ID
17,43346,7939,TRM,E,,,2021-06-11T18:02:31.586Z,AUTH_ID
18,18728,8055,TRM,G,,,2021-06-15T18:02:31.528Z,AUTH_ID
19,3329,7308,CDA,E,,,2021-06-15T18:02:31.533Z,AUTH_ID
20,1377,4251,TRM,E,,,2021-06-14T18:02:31.565Z,AUTH_ID
21,41878,1134,TRM,G,,,2021-06-13T18:02:31.563Z,AUTH_ID
22,43473,3807,CDA,G,,,2021-06-10T18:02:31.594Z,AUTH_ID
23,14062,2633,TRM,E,,,2021-06-13T18:02:31.536Z,AUTH_ID
24,5033,2159,CDA,G,,,2021-06-14T18:02:31.576Z,AUTH_ID
25,12138,5217,CDA,G,,,2021-06-15T18:02:31.588Z,AUTH_ID
26,9172,9054,TRM,E,,,2021-06-14T18:02:31.529Z,AUTH_ID
27,44871,7229,CDA,G,,,2021-06-10T18:02:31.541Z,AUTH_ID
28,3057,1159,CDA,E,,,2021-06-10T18:02:31.567Z,AUTH_ID
29,42545,1845,TRM,E,,,2021-06-14T18:02:31.548Z,AUTH_ID
30,44579,7165,CDA,G,,,2021-06-14T18:02:31.531Z,AUTH_ID
31,14009,3071,CDA,G,,,2021-06-13T18:02:31.594Z,AUTH_ID
32,34289,8922,CDA,G,,,2021-06-15T18:02:31.524Z,AUTH_ID
33,32602,9329,CDA,E,,,2021-06-14T18:02:31.567Z,AUTH_ID
34,29052,6232,CDA,G,,,2021-06-13T18:02:31.595Z,AUTH_ID
35,47747,1789,TRM,E,,,2021-06-13T18:02:31.509Z,AUTH_ID
36,7852,8797,CDA,G,,,2021-06-13T18:02:31.510Z,AUTH_ID
37,5874,9835,TRM,E,,,2021-06-12T18:02:31.505Z,AUTH_ID
38,2844,9700,TRM,E,,,2021-06-12T18:02:31.557Z,AUTH_ID
39,31691,6412,CDA,E,,,2021-06-14T18:02:31.582Z,AUTH_ID
40,46321,1797,TRM,E,,,2021-06-15T18:02:31.500Z,AUTH_ID
41,44138,7286,TRM,E,,,2021-06-15T18:02:31.550Z,AUTH_ID
42,44699,6650,CDA,G,,,2021-06-11T18:02:31.594Z,AUTH_ID
43,25548,9768,TRM,E,,,2021-06-12T18:02:31.514Z,AUTH_ID
44,26278,2275,TRM,E,,,2021-06-13T18:02:31.530Z,AUTH_ID
45,41354,2331,CDA,G,,,2021-06-10T18:02:31.525Z,AUTH_ID
46,48361,4836,TRM,G,,,2021-06-12T18:02:31.538Z,AUTH_ID
47,41627,5589,CDA,E,,,2021-06-13T18:02:31.528Z,AUTH_ID
48,19608,4390,TRM,G,,,2021-06-14T18:02:31.525Z,AUTH_ID
49,2199,8821,TRM,G,,,2021-06-13T18:02:31.509Z,AUTH_ID
50,35760,3860,CDA,G,,,2021-06-10T18:02:31.504Z,AUTH_ID
51,6623,3663,CDA,E,,,2021-06-14T18:02:31.502Z,AUTH_ID
52,12862,3330,CDA,G,,,2021-06-12T18:02:31.593Z,AUTH_ID
53,33664,6977,TRM,G,,,2021-06-14T18:02:31.552Z,AUTH_ID
54,22293,1783,CDA,G,,,2021-06-13T18:02:31.518Z,AUTH_ID
55,23283,5979,CDA,G,,,2021-06-13T18:02:31.545Z,AUTH_ID
56,36513,4249,TRM,G,,,2021-06-10T18:02:31.521Z,AUTH_ID
57,3584,8143,TRM,G,,,2021-06-14T18:02:31.563Z,AUTH_ID
58,24199,2419,TRM,E,,,2021-06-15T18:02:31.522Z,AUTH_ID
59,12283,7252,TRM,E,,,2021-06-15T18:02:31.570Z,AUTH_ID
60,5314,8909,CDA,G,,,2021-06-10T18:02:31.539Z,AUTH_ID
61,29848,5786,CDA,G,,,2021-06-15T18:02:31.588Z,AUTH_ID
62,19212,8479,TRM,E,,,2021-06-12T18:02:31.588Z,AUTH_ID
63,30562,9516,CDA,G,,,2021-06-10T18:02:31.532Z,AUTH_ID
64,46972,6813,TRM,G,,,2021-06-13T18:02:31.550Z,AUTH_ID
65,21467,6899,TRM,G,,,2021-06-15T18:02:31.570Z,AUTH_ID
66,10565,8906,CDA,E,,,2021-06-11T18:02:31.568Z,AUTH_ID
67,49135,8844,TRM,E,,,2021-06-10T18:02:31.548Z,AUTH_ID
68,17471,4815,TRM,G,,,2021-06-12T18:02:31.591Z,AUTH_ID
69,34471,3736,CDA,G,,,2021-06-13T18:02:31.586Z,AUTH_ID
70,41655,3803,CDA,G,,,2021-06-11T18:02:31.546Z,AUTH_ID
71,1212,2574,CDA,E,,,2021-06-13T18:02:31.571Z,AUTH_ID
72,43636,6206,TRM,G,,,2021-06-12T18:02:31.547Z,AUTH_ID
73,19946,2206,CDA,G,,,2021-06-12T18:02:31.551Z,AUTH_ID
74,11327,7799,TRM,G,,,2021-06-14T18:02:31.505Z,AUTH_ID
75,45221,4329,TRM,G,,,2021-06-13T18:02:31.544Z,AUTH_ID
76,12395,6291,TRM,G,,,2021-06-13T18:02:31.566Z,AUTH_ID
77,1245,6559,CDA,E,,,2021-06-11T18:02:31.506Z,AUTH_ID
78,9414,7684,TRM,G,,,2021-06-12T18:02:31.585Z,AUTH_ID
79,46664,1323,CDA,E,,,2021-06-14T18:02:31.509Z,AUTH_ID
80,20243,7829,CDA,E,,,2021-06-14T18:02:31.582Z,AUTH_ID
81,25632,3033,TRM,E,,,2021-06-11T18:02:31.566Z,AUTH_ID
82,39586,1992,CDA,G,,,2021-06-12T18:02:31.575Z,AUTH_ID
83,37408,4905,CDA,E,,,2021-06-10T18:02:31.585Z,AUTH_ID
84,26248,9838,TRM,G,,,2021-06-13T18:02:31.524Z,AUTH_ID
85,10429,4597,CDA,E,,,2021-06-12T18:02:31.566Z,AUTH_ID
86,38397,4574,CDA,G,,,2021-06-13T18:02:31.593Z,AUTH_ID
87,12991,4784,TRM,G,,,2021-06-10T18:02:31.583Z,AUTH_ID
88,20418,8162,TRM,E,,,2021-06-13T18:02:31.590Z,AUTH_ID
89,22612,9089,TRM,E,,,2021-06-11T18:02:31.567Z,AUTH_ID
90,45804,5730,TRM,G,,,2021-06-13T18:02:31.596Z,AUTH_ID
91,30522,8140,TRM,G,,,2021-06-12T18:02:31.594Z,AUTH_ID
92,4154,4476,TRM,G,,,2021-06-15T18:02:31.532Z,AUTH_ID
93,5756,4364,CDA,E,,,2021-06-13T18:02:31.588Z,AUTH_ID
94,2854,3990,CDA,G,,,2021-06-11T18:02:31.535Z,AUTH_ID
95,8253,4485,CDA,E,,,2021-06-15T18:02:31.532Z,AUTH_ID
96,29492,5471,CDA,G,,,2021-06-15T18:02:31.566Z,AUTH_ID
97,48680,5683,TRM,G,,,2021-06-12T18:02:31.511Z,AUTH_ID
98,41525,6779,TRM,E,,,2021-06-10T18:02:31.571Z,AUTH_ID
99,36368,2609,TRM,G,,,2021-06-11T18:02:31.501Z,AUTH_ID
100,12357,6593,TRM,G,,,2021-06-12T18:02:31.580Z,AUTH_ID
101,14008,7500,CDA,E,,,2021-06-14T18:02:31.572Z,AUTH_ID
102,31611,3036,CDA,E,,,2021-06-11T18:02:31.516Z,AUTH_ID
103,32522,4091,CDA,G,,,2021-06-12T18:02:31.561Z,AUTH_ID
104,46864,2174,TRM,G,,,2021-06-13T18:02:31.592Z,AUTH_ID
105,33172,2462,TRM,G,,,2021-06-10T18:02:31.588Z,AUTH_ID
106,21328,9558,TRM,E,,,2021-06-14T18:02:31.593Z,AUTH_ID
107,12095,9134,CDA,G,,,2021-06-13T18:02:31.582Z,AUTH_ID
108,14977,3839,CDA,G,,,2021-06-11T18:02:31.546Z,AUTH_ID
109,10848,5239,TRM,E,,,2021-06-14T18:02:31.547Z,AUTH_ID
110,25921,2030,TRM,E,,,2021-06-12T18:02:31.540Z,AUTH_ID
111,8481,9087,CDA,E,,,2021-06-14T18:02:31.507Z,AUTH_ID
112,17141,9686,TRM,E,,,2021-06-15T18:02:31.541Z,AUTH_ID
113,41609,8371,TRM,E,,,2021-06-15T18:02:31.518Z,AUTH_ID
114,43319,6319,TRM,G,,,2021-06-12T18:02:31.528Z,AUTH_ID
115,45953,8987,TRM,G,,,2021-06-14T18:02:31.595Z,AUTH_ID
116,31388,3684,CDA,E,,,2021-06-11T18:02:31.578Z,AUTH_ID
117,45191,9301,CDA,G,,,2021-06-15T18:02:31.524Z,AUTH_ID
118,37050,6082,TRM,G,,,2021-06-15T18:02:31.538Z,AUTH_ID
119,41656,6702,CDA,E,,,2021-06-13T18:02:31.533Z,AUTH_ID
120,22936,3872,CDA,G,,,2021-06-10T18:02:31.512Z,AUTH_ID
121,49940,3937,TRM,E,,,2021-06-13T18:02:31.562Z,AUTH_ID
122,44093,3852,TRM,G,,,2021-06-15T18:02:31.536Z,AUTH_ID
123,8939,1421,CDA,G,,,2021-06-11T18:02:31.589Z,AUTH_ID
124,27792,7856,TRM,E,,,2021-06-11T18:02:31.577Z,AUTH_ID
125,35955,7636,CDA,E,,,2021-06-10T18:02:31.579Z,AUTH_ID
126,29157,8364,CDA,G,,,2021-06-10T18:02:31.595Z,AUTH_ID
127,29771,3132,TRM,G,,,2021-06-15T18:02:31.594Z,AUTH_ID
128,37288,7937,CDA,G,,,2021-06-10T18:02:31.511Z,AUTH_ID
129,26878,3889,CDA,E,,,2021-06-15T18:02:31.555Z,AUTH_ID
130,18757,1749,TRM,G,,,2021-06-12T18:02:31.535Z,AUTH_ID
131,6995,4172,TRM,G,,,2021-06-13T18:02:31.553Z,AUTH_ID
132,10397,4341,CDA,G,,,2021-06-14T18:02:31.590Z,AUTH_ID
133,9810,8590,CDA,G,,,2021-06-12T18:02:31.572Z,AUTH_ID
134,11962,2925,CDA,G,,,2021-06-13T18:02:31.555Z,AUTH_ID
135,18537,6071,TRM,G,,,2021-06-15T18:02:31.590Z,AUTH_ID
136,5293,3124,TRM,E,,,2021-06-14T18:02:31.506Z,AUTH_ID
137,34285,2974,CDA,G,,,2021-06-10T18:02:31.580Z,AUTH_ID
138,32043,2456,TRM,E,,,2021-06-10T18:02:31.548Z,AUTH_ID
139,41607,1202,TRM,E,,,2021-06-14T18:02:31.518Z,AUTH_ID
140,45830,3742,TRM,G,,,2021-06-12T18:02:31.515Z,AUTH_ID
141,8393,7528,CDA,E,,,2021-06-11T18:02:31.529Z,AUTH_ID
142,29396,2705,TRM,E,,,2021-06-12T18:02:31.539Z,AUTH_ID
143,23224,4814,TRM,E,,,2021-06-14T18:02:31.510Z,AUTH_ID
144,17301,3242,TRM,E,,,2021-06-12T18:02:31.598Z,AUTH_ID
145,33538,5656,TRM,E,,,2021-06-13T18:02:31.561Z,AUTH_ID
146,19424,8201,CDA,E,,,2021-06-15T18:02:31.598Z,AUTH_ID
147,17295,4386,TRM,G,,,2021-06-13T18:02:31.568Z,AUTH_ID
148,28237,1185,CDA,E,,,2021-06-13T18:02:31.544Z,AUTH_ID
149,24885,1182,CDA,G,,,2021-06-15T18:02:31.514Z,AUTH_ID
150,20213,8959,TRM,G,,,2021-06-13T18:02:31.569Z,AUTH_ID
151,14327,6960,TRM,G,,,2021-06-13T18:02:31.520Z,AUTH_ID
152,22484,2026,TRM,G,,,2021-06-13T18:02:31.568Z,AUTH_ID
153,43290,2091,TRM,G,,,2021-06-13T18:02:31.537Z,AUTH_ID
154,4106,8491,CDA,G,,,2021-06-13T18:02:31.569Z,AUTH_ID
155,32876,6719,CDA,G,,,2021-06-12T18:02:31.502Z,AUTH_ID
156,20010,6243,CDA,G,,,2021-06-15T18:02:31.540Z,AUTH_ID
157,39744,9343,CDA,G,,,2021-06-14T18:02:31.506Z,AUTH_ID
158,36998,5160,CDA,G,,,2021-06-10T18:02:31.581Z,AUTH_ID
159,6305,8032,CDA,E,,,2021-06-11T18:02:31.568Z,AUTH_ID
160,32245,7910,CDA,G,,,2021-06-12T18:02:31.569Z,AUTH_ID
161,48163,3639,TRM,E,,,2021-06-14T18:02:31.502Z,AUTH_ID
162,24891,7712,CDA,E,,,2021-06-15T18:02:31.575Z,AUTH_ID
163,30577,7038,TRM,E,,,2021-06-14T18:02:31.523Z,AUTH_ID
164,44654,9672,CDA,G,,,2021-06-11T18:02:31.550Z,AUTH_ID
165,5828,7405,TRM,E,,,2021-06-14T18:02:31.522Z,AUTH_ID
166,49223,6532,CDA,G,,,2021-06-11T18:02:31.514Z,AUTH_ID
167,48591,7736,TRM,E,,,2021-06-11T18:02:31.512Z,AUTH_ID
168,20783,5499,TRM,G,,,2021-06-10T18:02:31.595Z,AUTH_ID
169,37197,8083,CDA,E,,,2021-06-13T18:02:31.558Z,AUTH_ID
170,49154,5219,TRM,E,,,2021-06-15T18:02:31.527Z,AUTH_ID
171,44546,2667,TRM,E,,,2021-06-13T18:02:31.505Z,AUTH_ID
172,5189,1548,TRM,E,,,2021-06-13T18:02:31.533Z,AUTH_ID
173,45134,3359,CDA,G,,,2021-06-13T18:02:31.586Z,AUTH_ID
174,43149,6089,CDA,E,,,2021-06-12T18:02:31.534Z,AUTH_ID
175,24029,3965,TRM,E,,,2021-06-14T18:02:31.530Z,AUTH_ID
176,22519,5247,TRM,G,,,2021-06-12T18:02:31.559Z,AUTH_ID
177,40187,4020,TRM,G,,,2021-06-10T18:02:31.599Z,AUTH_ID
178,2302,3250,CDA,G,,,2021-06-10T18:02:31.591Z,AUTH_ID
179,3144,5611,CDA,G,,,2021-06-10T18:02:31.512Z,AUTH_ID
180,48121,5485,CDA,G,,,2021-06-13T18:02:31.532Z,AUTH_ID
181,45618,7401,TRM,E,,,2021-06-15T18:02:31.501Z,AUTH_ID
182,40747,7682,CDA,E,,,2021-06-13T18:02:31.542Z,AUTH_ID
183,21855,4036,TRM,G,,,2021-06-13T18:02:31.534Z,AUTH_ID
184,30542,9892,TRM,G,,,2021-06-11T18:02:31.581Z,AUTH_ID
185,2290,2692,TRM,G,,,2021-06-12T18:02:31.571Z,AUTH_ID
186,34598,9306,CDA,G,,,2021-06-15T18:02:31.557Z,AUTH_ID
187,22171,5234,CDA,E,,,2021-06-12T18:02:31.511Z,AUTH_ID
188,48485,1710,CDA,E,,,2021-06-14T18:02:31.522Z,AUTH_ID
189,15076,1688,CDA,E,,,2021-06-10T18:02:31.585Z,AUTH_ID
190,32325,4425,CDA,G,,,2021-06-14T18:02:31.535Z,AUTH_ID
191,7082,9317,CDA,E,,,2021-06-10T18:02:31.582Z,AUTH_ID
192,39546,1931,CDA,G,,,2021-06-14T18:02:31.584Z,AUTH_ID
193,27296,8312,CDA,E,,,2021-06-11T18:02:31.556Z,AUTH_ID
194,23609,5789,TRM,E,,,2021-06-14T18:02:31.507Z,AUTH_ID
195,32075,3485,TRM,E,,,2021-06-14T18:02:31.505Z,AUTH_ID
196,21239,3896,TRM,E,,,2021-06-15T18:02:31.504Z,AUTH_ID
197,40101,5323,CDA,G,,,2021-06-13T18:02:31.548Z,AUTH_ID
198,2643,3035,CDA,E,,,2021-06-10T18:02:31.582Z,AUTH_ID
199,3199,2567,TRM,G,,,2021-06-12T18:02:31.558Z,AUTH_ID
200,11029,9443,CDA,E,,,2021-06-15T18:02:31.551Z,AUTH_ID
201,14313,1406,TRM,G,,,2021-06-15T18:02:31.535Z,AUTH_ID
202,22340,7179,TRM,E,,,2021-06-12T18:02:31.594Z,AUTH_ID
203,45908,6827,CDA,E,,,2021-06-11T18:02:31.593Z,AUTH_ID
204,38527,3246,CDA,E,,,2021-06-11T18:02:31.572Z,AUTH_ID
205,43097,1350,TRM,G,,,2021-06-10T18:02:31.563Z,AUTH_ID
206,11430,6904,CDA,G,,,2021-06-13T18:02:31.535Z,AUTH_ID
207,29497,3619,TRM,G,,,2021-06-15T18:02:31.546Z,AUTH_ID
208,13537,3712,CDA,G,,,2021-06-11T18:02:31.553Z,AUTH_ID
209,5011,1446,CDA,G,,,2021-06-11T18:02:31.532Z,AUTH_ID
210,15980,8459,TRM,E,,,2021-06-12T18:02:31.528Z,AUTH_ID
211,11602,5148,CDA,G,,,2021-06-13T18:02:31.581Z,AUTH_ID
212,43712,8186,TRM,G,,,2021-06-12T18:02:31.562Z,AUTH_ID
213,3110,7529,TRM,E,,,2021-06-13T18:02:31.559Z,AUTH_ID
214,45759,5704,CDA,G,,,2021-06-13T18:02:31.575Z,AUTH_ID
215,9344,8189,TRM,E,,,2021-06-15T18:02:31.508Z,AUTH_ID
216,19092,4615,CDA,E,,,2021-06-12T18:02:31.536Z,AUTH_ID
217,34908,4823,TRM,G,,,2021-06-15T18:02:31.566Z,AUTH_ID
218,18892,8686,TRM,E,,,2021-06-11T18:02:31.526Z,AUTH_ID
219,36739,7664,TRM,E,,,2021-06-15T18:02:31.595Z,AUTH_ID
220,46694,5275,TRM,G,,,2021-06-12T18:02:31.579Z,AUTH_ID
221,5822,3321,CDA,E,,,2021-06-15T18:02:31.564Z,AUTH_ID
222,42437,1595,CDA,E,,,2021-06-14T18:02:31.555Z,AUTH_ID
223,48857,1532,CDA,G,,,2021-06-11T18:02:31.522Z,AUTH_ID
224,48884,1446,TRM,G,,,2021-06-13T18:02:31.514Z,AUTH_ID
225,8189,3229,TRM,G,,,2021-06-11T18:02:31.532Z,AUTH_ID
226,13502,4352,TRM,G,,,2021-06-15T18:02:31.543Z,AUTH_ID
227,23507,1333,TRM,E,,,2021-06-12T18:02:31.514Z,AUTH_ID
228,42706,2551,TRM,G,,,2021-06-11T18:02:31.549Z,AUTH_ID
229,6866,1477,CDA,G,,,2021-06-12T18:02:31.542Z,AUTH_ID
230,34288,9256,CDA,G,,,2021-06-13T18:02:31.561Z,AUTH_ID
231,4749,4861,CDA,E,,,2021-06-15T18:02:31.511Z,AUTH_ID
232,45011,3253,TRM,G,,,2021-06-11T18:02:31.568Z,AUTH_ID
233,18134,8565,TRM,G,,,2021-06-13T18:02:31.521Z,AUTH_ID
234,46744,4705,TRM,G,,,2021-06-15T18:02:31.562Z,AUTH_ID
235,21608,2851,CDA,E,,,2021-06-15T18:02:31.595Z,AUTH_ID
236,28524,6790,CDA,E,,,2021-06-11T18:02:31.515Z,AUTH_ID
237,23734,1824,TRM,G,,,2021-06-12T18:02:31.565Z,AUTH_ID
238,39387,6450,TRM,E,,,2021-06-10T18:02:31.548Z,AUTH_ID
239,20893,7438,CDA,G,,,2021-06-10T18:02:31.563Z,AUTH_ID
240,48682,6824,TRM,G,,,2021-06-11T18:02:31.554Z,AUTH_ID
241,12898,4698,TRM,E,,,2021-06-12T18:02:31.518Z,AUTH_ID
242,11788,9115,CDA,G,,,2021-06-10T18:02:31.571Z,AUTH_ID
243,15460,7826,TRM,G,,,2021-06-15T18:02:31.569Z,AUTH_ID
244,34384,8994,CDA,E,,,2021-06-14T18:02:31.526Z,AUTH_ID
245,3776,5530,TRM,E,,,2021-06-15T18:02:31.539Z,AUTH_ID
246,44544,9379,TRM,E,,,2021-06-13T18:02:31.524Z,AUTH_ID
247,19659,1937,TRM,G,,,2021-06-12T18:02:31.590Z,AUTH_ID
248,35709,9497,TRM,G,,,2021-06-11T18:02:31.511Z,AUTH_ID
249,38418,4345,CDA,G,,,2021-06-12T18:02:31.538Z,AUTH_ID
250,10419,9675,CDA,G,,,2021-06-15T18:02:31.522Z,AUTH_ID
251,10751,3474,TRM,G,,,2021-06-14T18:02:31.566Z,AUTH_ID
252,39544,5327,TRM,E,,,2021-06-12T18:02:31.521Z,AUTH_ID
253,28514,5680,TRM,E,,,2021-06-11T18:02:31.570Z,AUTH_ID
254,8299,4955,CDA,E,,,2021-06-10T18:02:31.519Z,AUTH_ID
255,20624,7325,TRM,E,,,2021-06-13T18:02:31.575Z,AUTH_ID
256,19783,2319,CDA,G,,,2021-06-14T18:02:31.583Z,AUTH_ID
257,30645,4245,TRM,E,,,2021-06-15T18:02:31.520Z,AUTH_ID
258,42481,3204,TRM,G,,,2021-06-11T18:02:31.519Z,AUTH_ID
259,21932,8933,CDA,G,,,2021-06-14T18:02:31.593Z,AUTH_ID
260,1303,4261,CDA,G,,,2021-06-12T18:02:31.593Z,AUTH_ID
261,49842,4913,TRM,E,,,2021-06-12T18:02:31.523Z,AUTH_ID
262,45640,5427,CDA,E,,,2021-06-14T18:02:31.555Z,AUTH_ID
263,43941,6044,CDA,G,,,2021-06-13T18:02:31.587Z,AUTH_ID
264,17142,4199,TRM,E,,,2021-06-14T18:02:31.552Z,AUTH_ID
265,14726,1900,TRM,G,,,2021-06-13T18:02:31.523Z,AUTH_ID
266,3499,5568,CDA,E,,,2021-06-12T18:02:31.536Z,AUTH_ID
267,28747,3382,TRM,E,,,2021-06-12T18:02:31.531Z,AUTH_ID
268,8443,3357,TRM,E,,,2021-06-10T18:02:31.565Z,AUTH_ID
269,46213,5299,TRM,G,,,2021-06-11T18:02:31.508Z,AUTH_ID
270,42448,5192,CDA,G,,,2021-06-13T18:02:31.544Z,AUTH_ID
271,22012,7592,TRM,E,,,2021-06-10T18:02:31.589Z,AUTH_ID
272,44046,2963,CDA,E,,,2021-06-14T18:02:31.577Z,AUTH_ID
273,7618,4367,CDA,E,,,2021-06-10T18:02:31.514Z,AUTH_ID
274,41734,1688,CDA,G,,,2021-06-15T18:02:31.550Z,AUTH_ID
275,31941,1830,TRM,G,,,2021-06-13T18:02:31.510Z,AUTH_ID
276,22313,2436,TRM,E,,,2021-06-12T18:02:31.534Z,AUTH_ID
277,2453,2963,TRM,E,,,2021-06-12T18:02:31.546Z,AUTH_ID
278,16043,6358,TRM,E,,,2021-06-15T18:02:31.538Z,AUTH_ID
279,13916,7699,TRM,G,,,2021-06-14T18:02:31.592Z,AUTH_ID
280,32286,6595,CDA,G,,,2021-06-11T18:02:31.549Z,AUTH_ID
281,29655,9350,CDA,E,,,2021-06-13T18:02:31.564Z,AUTH_ID
282,31466,5495,CDA,G,,,2021-06-13T18:02:31.538Z,AUTH_ID
283,41902,7137,TRM,E,,,2021-06-14T18:02:31.593Z,AUTH_ID
284,43771,6107,CDA,G,,,2021-06-14T18:02:31.583Z,AUTH_ID
285,5873,8930,CDA,E,,,2021-06-13T18:02:31.518Z,AUTH_ID
286,13972,9085,CDA,G,,,2021-06-11T18:02:31.519Z,AUTH_ID
287,17102,4953,TRM,E,,,2021-06-10T18:02:31.519Z,AUTH_ID
288,12037,3591,CDA,G,,,2021-06-11T18:02:31.579Z,AUTH_ID
289,2224,2526,TRM,E,,,2021-06-15T18:02:31.574Z,AUTH_ID
290,25379,8288,TRM,G,,,2021-06-11T18:02:31.581Z,AUTH_ID
291,39001,2789,CDA,G,,,2021-06-11T18:02:31.576Z,AUTH_ID
292,31189,8165,CDA,E,,,2021-06-14T18:02:31.594Z,AUTH_ID
293,18687,6130,TRM,G,,,2021-06-10T18:02:31.594Z,AUTH_ID
294,36133,9199,CDA,G,,,2021-06-11T18:02:31.587Z,AUTH_ID
295,42931,7224,TRM,E,,,2021-06-12T18:02:31.597Z,AUTH_ID
296,44806,8281,CDA,E,,,2021-06-15T18:02:31.565Z,AUTH_ID
297,9648,9738,CDA,E,,,2021-06-14T18:02:31.504Z,AUTH_ID
298,19929,5070,CDA,G,,,2021-06-13T18:02:31.543Z,AUTH_ID
299,21116,4586,CDA,G,,,2021-06-12T18:02:31.566Z,AUTH_ID
300,28875,1446,CDA,E,,,2021-06-14T18:02:31.529Z,AUTH_ID
301,21461,1928,CDA,E,,,2021-06-11T18:02:31.529Z,AUTH_ID
302,32138,1706,CDA,E,,,2021-06-10T18:02:31.595Z,AUTH_ID
303,35515,8464,TRM,E,,,2021-06-13T18:02:31.584Z,AUTH_ID
304,1436,7876,TRM,E,,,2021-06-10T18:02:31.570Z,AUTH_ID
305,47754,2668,TRM,E,,,2021-06-10T18:02:31.530Z,AUTH_ID
306,45768,3448,CDA,E,,,2021-06-11T18:02:31.531Z,AUTH_ID
307,45004,4011,TRM,G,,,2021-06-11T18:02:31.579Z,AUTH_ID
308,8357,6200,CDA,E,,,2021-06-12T18:02:31.578Z,AUTH_ID
309,35803,8615,CDA,G,,,2021-06-10T18:02:31.584Z,AUTH_ID
310,34525,5374,TRM,E,,,2021-06-13T18:02:31.528Z,AUTH_ID
311,5316,3997,TRM,E,,,2021-06-13T18:02:31.507Z,AUTH_ID
312,38144,4022,TRM,G,,,2021-06-11T18:02:31.562Z,AUTH_ID
313,16918,2314,TRM,E,,,2021-06-12T18:02:31.565Z,AUTH_ID
314,2701,5091,TRM,E,,,2021-06-10T18:02:31.530Z,AUTH_ID
315,2357,8553,TRM,E,,,2021-06-14T18:02:31.565Z,AUTH_ID
316,35869,1408,TRM,G,,,2021-06-12T18:02:31.515Z,AUTH_ID
317,20846,4329,TRM,G,,,2021-06-14T18:02:31.524Z,AUTH_ID
318,9948,7861,CDA,G,,,2021-06-10T18:02:31.523Z,AUTH_ID
319,34957,3594,CDA,G,,,2021-06-10T18:02:31.557Z,AUTH_ID
320,47901,2497,CDA,G,,,2021-06-11T18:02:31.576Z,AUTH_ID
321,30465,9258,CDA,E,,,2021-06-10T18:02:31.557Z,AUTH_ID
322,47460,7834,CDA,E,,,2021-06-12T18:02:31.567Z,AUTH_ID
323,36314,8687,TRM,E,,,2021-06-15T18:02:31.550Z,AUTH_ID
324,18450,9518,CDA,G,,,2021-06-15T18:02:31.522Z,AUTH_ID
325,4173,8026,CDA,G,,,2021-06-14T18:02:31.593Z,AUTH_ID
326,42769,7075,TRM,G,,,2021-06-10T18:02:31.546Z,AUTH_ID
327,25396,7610,TRM,E,,,2021-06-11T18:02:31.556Z,AUTH_ID
328,28773,8056,TRM,E,,,2021-06-12T18:02:31.558Z,AUTH_ID
329,35705,2444,TRM,G,,,2021-06-11T18:02:31.553Z,AUTH_ID
330,30786,3576,TRM,E,,,2021-06-10T18:02:31.529Z,AUTH_ID
331,4873,3362,TRM,G,,,2021-06-13T18:02:31.505Z,AUTH_ID
332,25271,8727,TRM,G,,,2021-06-14T18:02:31.517Z,AUTH_ID
333,12405,8243,CDA,E,,,2021-06-10T18:02:31.546Z,AUTH_ID
334,26857,3139,TRM,G,,,2021-06-15T18:02:31.573Z,AUTH_ID
335,47749,7247,TRM,G,,,2021-06-10T18:02:31.514Z,AUTH_ID
336,22323,5544,CDA,G,,,2021-06-10T18:02:31.511Z,AUTH_ID
337,24762,9410,CDA,E,,,2021-06-11T18:02:31.509Z,AUTH_ID
338,1812,8387,CDA,G,,,2021-06-15T18:02:31.592Z,AUTH_ID
339,33671,2657,CDA,E,,,2021-06-12T18:02:31.521Z,AUTH_ID
340,27672,5658,TRM,G,,,2021-06-13T18:02:31.546Z,AUTH_ID
341,42014,9876,CDA,G,,,2021-06-14T18:02:31.578Z,AUTH_ID
342,49678,8786,TRM,E,,,2021-06-14T18:02:31.559Z,AUTH_ID
343,19204,6419,TRM,G,,,2021-06-10T18:02:31.530Z,AUTH_ID
344,42093,4028,TRM,E,,,2021-06-13T18:02:31.593Z,AUTH_ID
345,9362,5507,TRM,E,,,2021-06-10T18:02:31.594Z,AUTH_ID
346,34533,9914,CDA,G,,,2021-06-15T18:02:31.529Z,AUTH_ID
347,23296,8481,TRM,E,,,2021-06-15T18:02:31.551Z,AUTH_ID
348,35413,4466,TRM,E,,,2021-06-13T18:02:31.541Z,AUTH_ID
349,41801,2142,CDA,E,,,2021-06-14T18:02:31.551Z,AUTH_ID
350,43739,4983,TRM,G,,,2021-06-14T18:02:31.600Z,AUTH_ID
351,29503,2009,TRM,G,,,2021-06-10T18:02:31.540Z,AUTH_ID
352,44558,7769,TRM,G,,,2021-06-14T18:02:31.569Z,AUTH_ID
353,17948,7767,CDA,E,,,2021-06-13T18:02:31.542Z,AUTH_ID
354,46337,6999,CDA,G,,,2021-06-15T18:02:31.559Z,AUTH_ID
355,4632,2878,TRM,E,,,2021-06-10T18:02:31.561Z,AUTH_ID
356,29740,5701,CDA,E,,,2021-06-15T18:02:31.506Z,AUTH_ID
357,24275,6859,CDA,E,,,2021-06-11T18:02:31.566Z,AUTH_ID
358,3530,3402,CDA,E,,,2021-06-12T18:02:31.517Z,AUTH_ID
359,41019,5088,CDA,G,,,2021-06-15T18:02:31.531Z,AUTH_ID
360,39334,5720,TRM,E,,,2021-06-13T18:02:31.569Z,AUTH_ID
361,15531,2960,CDA,E,,,2021-06-14T18:02:31.554Z,AUTH_ID
362,20411,6104,CDA,E,,,2021-06-12T18:02:31.536Z,AUTH_ID
363,3067,3694,TRM,G,,,2021-06-11T18:02:31.573Z,AUTH_ID
364,13761,5115,CDA,G,,,2021-06-10T18:02:31.521Z,AUTH_ID
365,17691,1366,TRM,E,,,2021-06-10T18:02:31.592Z,AUTH_ID
366,28435,2837,TRM,G,,,2021-06-12T18:02:31.576Z,AUTH_ID
367,35407,5893,TRM,E,,,2021-06-11T18:02:31.572Z,AUTH_ID
368,12610,5059,CDA,G,,,2021-06-11T18:02:31.521Z,AUTH_ID
369,44658,8569,TRM,E,,,2021-06-10T18:02:31.539Z,AUTH_ID
370,17513,1541,CDA,G,,,2021-06-13T18:02:31.578Z,AUTH_ID
371,14013,3325,CDA,E,,,2021-06-14T18:02:31.587Z,AUTH_ID
372,38520,6238,CDA,E,,,2021-06-14T18:02:31.580Z,AUTH_ID
373,12289,8981,CDA,G,,,2021-06-13T18:02:31.578Z,AUTH_ID
374,36941,2578,CDA,G,,,2021-06-13T18:02:31.544Z,AUTH_ID
375,32393,7389,CDA,G,,,2021-06-11T18:02:31.571Z,AUTH_ID
376,8847,4658,TRM,G,,,2021-06-10T18:02:31.538Z,AUTH_ID
377,37314,9161,CDA,G,,,2021-06-13T18:02:31.541Z,AUTH_ID
378,33901,6238,TRM,G,,,2021-06-15T18:02:31.550Z,AUTH_ID
379,35067,6937,TRM,E,,,2021-06-12T18:02:31.554Z,AUTH_ID
380,38521,3097,CDA,E,,,2021-06-11T18:02:31.560Z,AUTH_ID
381,12234,3987,CDA,G,,,2021-06-10T18:02:31.548Z,AUTH_ID
382,21434,2799,TRM,E,,,2021-06-10T18:02:31.564Z,AUTH_ID
383,19827,4503,TRM,E,,,2021-06-12T18:02:31.525Z,AUTH_ID
384,39312,1576,TRM,E,,,2021-06-12T18:02:31.569Z,AUTH_ID
385,25630,6021,CDA,E,,,2021-06-15T18:02:31.523Z,AUTH_ID
386,4041,2235,CDA,G,,,2021-06-15T18:02:31.532Z,AUTH_ID
387,35436,9407,CDA,E,,,2021-06-14T18:02:31.548Z,AUTH_ID
388,31386,4774,CDA,E,,,2021-06-11T18:02:31.501Z,AUTH_ID
389,13154,9633,CDA,E,,,2021-06-13T18:02:31.553Z,AUTH_ID
390,9029,1504,TRM,E,,,2021-06-12T18:02:31.544Z,AUTH_ID
391,36105,3587,CDA,G,,,2021-06-10T18:02:31.544Z,AUTH_ID
392,46859,6277,CDA,E,,,2021-06-15T18:02:31.518Z,AUTH_ID
393,5386,6325,TRM,G,,,2021-06-13T18:02:31.565Z,AUTH_ID
394,30407,5138,CDA,G,,,2021-06-12T18:02:31.564Z,AUTH_ID
395,7171,6806,CDA,G,,,2021-06-11T18:02:31.504Z,AUTH_ID
396,8557,6613,CDA,E,,,2021-06-14T18:02:31.547Z,AUTH_ID
397,17578,3855,CDA,E,,,2021-06-10T18:02:31.516Z,AUTH_ID
398,24913,4277,CDA,G,,,2021-06-12T18:02:31.526Z,AUTH_ID
399,30443,7108,CDA,E,,,2021-06-14T18:02:31.500Z,AUTH_ID
400,18268,3404,TRM,E,,,2021-06-10T18:02:31.598Z,AUTH_ID
401,39420,4921,TRM,E,,,2021-06-15T18:02:31.588Z,AUTH_ID
402,13284,2932,TRM,E,,,2021-06-10T18:02:31.569Z,AUTH_ID
403,26651,7755,TRM,E,,,2021-06-15T18:02:31.590Z,AUTH_ID
404,10213,2709,TRM,G,,,2021-06-15T18:02:31.509Z,AUTH_ID
405,37918,2038,CDA,G,,,2021-06-10T18:02:31.579Z,AUTH_ID
406,18492,6913,TRM,G,,,2021-06-13T18:02:31.540Z,AUTH_ID
407,40929,1633,TRM,G,,,2021-06-10T18:02:31.521Z,AUTH_ID
408,33635,2799,TRM,G,,,2021-06-10T18:02:31.520Z,AUTH_ID
409,30369,3203,CDA,E,,,2021-06-15T18:02:31.521Z,AUTH_ID
410,12748,7663,CDA,E,,,2021-06-15T18:02:31.595Z,AUTH_ID
411,42959,8702,CDA,E,,,2021-06-13T18:02:31.563Z,AUTH_ID
412,44217,4182,CDA,G,,,2021-06-12T18:02:31.538Z,AUTH_ID
413,2563,7762,CDA,G,,,2021-06-13T18:02:31.551Z,AUTH_ID
414,44898,5593,TRM,G,,,2021-06-14T18:02:31.554Z,AUTH_ID
415,38666,2525,CDA,G,,,2021-06-13T18:02:31.529Z,AUTH_ID
416,18963,5227,TRM,G,,,2021-06-14T18:02:31.575Z,AUTH_ID
417,4717,9064,CDA,E,,,2021-06-11T18:02:31.550Z,AUTH_ID
418,44400,9002,CDA,G,,,2021-06-14T18:02:31.594Z,AUTH_ID
419,44663,4102,CDA,E,,,2021-06-10T18:02:31.599Z,AUTH_ID
420,5238,1654,CDA,G,,,2021-06-14T18:02:31.568Z,AUTH_ID
421,20751,4156,TRM,E,,,2021-06-13T18:02:31.556Z,AUTH_ID
422,25419,9021,CDA,G,,,2021-06-13T18:02:31.577Z,AUTH_ID
423,14974,4515,TRM,G,,,2021-06-10T18:02:31.544Z,AUTH_ID
424,16400,4715,TRM,E,,,2021-06-15T18:02:31.542Z,AUTH_ID
425,44920,4653,TRM,G,,,2021-06-14T18:02:31.555Z,AUTH_ID
426,38628,3353,TRM,G,,,2021-06-13T18:02:31.568Z,AUTH_ID
427,45076,6232,TRM,G,,,2021-06-12T18:02:31.528Z,AUTH_ID
428,46197,4028,TRM,G,,,2021-06-13T18:02:31.562Z,AUTH_ID
429,42713,7042,TRM,E,,,2021-06-13T18:02:31.542Z,AUTH_ID
430,34051,6749,CDA,E,,,2021-06-11T18:02:31.519Z,AUTH_ID
431,32360,6935,CDA,E,,,2021-06-12T18:02:31.573Z,AUTH_ID
432,46923,7559,TRM,G,,,2021-06-10T18:02:31.530Z,AUTH_ID
433,25156,5047,TRM,E,,,2021-06-15T18:02:31.567Z,AUTH_ID
434,27787,2097,CDA,G,,,2021-06-12T18:02:31.503Z,AUTH_ID
435,40233,2552,TRM,E,,,2021-06-10T18:02:31.569Z,AUTH_ID
436,16648,4401,TRM,G,,,2021-06-13T18:02:31.586Z,AUTH_ID
437,29568,1473,TRM,E,,,2021-06-15T18:02:31.544Z,AUTH_ID
438,40476,7717,CDA,G,,,2021-06-12T18:02:31.554Z,AUTH_ID
439,45894,6776,TRM,G,,,2021-06-14T18:02:31.526Z,AUTH_ID
440,12620,2626,CDA,E,,,2021-06-15T18:02:31.569Z,AUTH_ID
441,2916,9115,TRM,G,,,2021-06-11T18:02:31.583Z,AUTH_ID
442,25333,9941,CDA,G,,,2021-06-15T18:02:31.600Z,AUTH_ID
443,34523,4703,TRM,E,,,2021-06-15T18:02:31.566Z,AUTH_ID
444,18574,9434,CDA,E,,,2021-06-11T18:02:31.586Z,AUTH_ID
445,5805,4294,CDA,G,,,2021-06-10T18:02:31.537Z,AUTH_ID
446,25558,5770,TRM,E,,,2021-06-14T18:02:31.549Z,AUTH_ID
447,49672,8220,CDA,G,,,2021-06-12T18:02:31.542Z,AUTH_ID
448,34006,1451,CDA,E,,,2021-06-13T18:02:31.587Z,AUTH_ID
449,40201,6394,TRM,G,,,2021-06-12T18:02:31.523Z,AUTH_ID
450,25993,4099,CDA,E,,,2021-06-12T18:02:31.595Z,AUTH_ID
451,20323,3757,CDA,E,,,2021-06-14T18:02:31.519Z,AUTH_ID
452,28786,6148,CDA,E,,,2021-06-12T18:02:31.529Z,AUTH_ID
453,5903,8757,TRM,G,,,2021-06-15T18:02:31.557Z,AUTH_ID
454,20937,7023,CDA,G,,,2021-06-15T18:02:31.532Z,AUTH_ID
455,34160,3190,CDA,G,,,2021-06-10T18:02:31.529Z,AUTH_ID
456,12919,9844,TRM,E,,,2021-06-14T18:02:31.504Z,AUTH_ID
457,16418,2535,CDA,G,,,2021-06-14T18:02:31.575Z,AUTH_ID
458,29377,2252,CDA,E,,,2021-06-12T18:02:31.562Z,AUTH_ID
459,6948,7171,CDA,G,,,2021-06-13T18:02:31.571Z,AUTH_ID
460,14254,9881,CDA,E,,,2021-06-11T18:02:31.585Z,AUTH_ID
461,36034,8301,CDA,G,,,2021-06-11T18:02:31.593Z,AUTH_ID
462,9000,3412,CDA,G,,,2021-06-12T18:02:31.575Z,AUTH_ID
463,20305,8685,CDA,G,,,2021-06-10T18:02:31.501Z,AUTH_ID
464,20393,6213,TRM,G,,,2021-06-13T18:02:31.545Z,AUTH_ID
465,31879,6746,TRM,G,,,2021-06-14T18:02:31.539Z,AUTH_ID
466,14044,5253,CDA,E,,,2021-06-13T18:02:31.538Z,AUTH_ID
467,11075,4764,TRM,G,,,2021-06-12T18:02:31.503Z,AUTH_ID
468,47591,8772,TRM,G,,,2021-06-12T18:02:31.502Z,AUTH_ID
469,29117,4028,TRM,E,,,2021-06-15T18:02:31.551Z,AUTH_ID
470,27495,2507,TRM,G,,,2021-06-14T18:02:31.506Z,AUTH_ID
471,4544,7616,TRM,E,,,2021-06-10T18:02:31.599Z,AUTH_ID
472,35678,2647,TRM,G,,,2021-06-12T18:02:31.567Z,AUTH_ID
473,27176,5677,CDA,G,,,2021-06-15T18:02:31.583Z,AUTH_ID
474,9466,1574,TRM,E,,,2021-06-12T18:02:31.548Z,AUTH_ID
475,14796,2514,TRM,G,,,2021-06-14T18:02:31.594Z,AUTH_ID
476,37283,4960,TRM,E,,,2021-06-11T18:02:31.587Z,AUTH_ID
477,47983,9992,TRM,E,,,2021-06-12T18:02:31.583Z,AUTH_ID
478,36656,8483,TRM,G,,,2021-06-10T18:02:31.533Z,AUTH_ID
479,3466,2304,TRM,G,,,2021-06-12T18:02:31.506Z,AUTH_ID
480,34517,8727,TRM,E,,,2021-06-11T18:02:31.584Z,AUTH_ID
481,17333,3631,CDA,E,,,2021-06-15T18:02:31.592Z,AUTH_ID
482,37608,1509,TRM,E,,,2021-06-10T18:02:31.556Z,AUTH_ID
483,18255,8152,TRM,G,,,2021-06-10T18:02:31.571Z,AUTH_ID
484,9546,1980,TRM,G,,,2021-06-10T18:02:31.590Z,AUTH_ID
485,41230,9394,CDA,E,,,2021-06-12T18:02:31.536Z,AUTH_ID
486,8422,1744,CDA,G,,,2021-06-15T18:02:31.517Z,AUTH_ID
487,11046,5894,TRM,G,,,2021-06-11T18:02:31.538Z,AUTH_ID
488,45012,5860,TRM,G,,,2021-06-11T18:02:31.506Z,AUTH_ID
489,47569,7736,CDA,E,,,2021-06-13T18:02:31.528Z,AUTH_ID
490,10982,8652,CDA,E,,,2021-06-15T18:02:31.534Z,AUTH_ID
491,38384,3474,CDA,G,,,2021-06-10T18:02:31.590Z,AUTH_ID
492,7005,8138,TRM,E,,,2021-06-15T18:02:31.596Z,AUTH_ID
493,29866,7570,TRM,G,,,2021-06-11T18:02:31.504Z,AUTH_ID
494,41519,6748,TRM,E,,,2021-06-15T18:02:31.569Z,AUTH_ID
495,33263,9377,CDA,G,,,2021-06-13T18:02:31.526Z,AUTH_ID
496,5632,7857,TRM,G,,,2021-06-13T18:02:31.549Z,AUTH_ID
497,49786,3309,CDA,E,,,2021-06-11T18:02:31.515Z,AUTH_ID
498,32743,3292,TRM,E,,,2021-06-13T18:02:31.546Z,AUTH_ID
499,26134,8633,TRM,E,,,2021-06-12T18:02:31.573Z,AUTH_ID
500,46921,4695,PDA,P,2021-05-13,2021-05-12T18:02:31.546Z,2021-05-10T18:02:31.515Z,AUTH_ID
501,46729,7132,PDA,P,2021-05-11,2021-05-14T18:02:31.585Z,2021-05-11T18:02:31.584Z,AUTH_ID
502,39474,8310,PDA,P,2021-05-13,2021-05-14T18:02:31.582Z,2021-05-11T18:02:31.512Z,AUTH_ID
503,35193,3287,PDA,P,2021-05-11,2021-05-11T18:02:31.506Z,2021-05-14T18:02:31.532Z,AUTH_ID
504,45370,9327,PDA,P,2021-05-12,2021-05-10T18:02:31.514Z,2021-05-12T18:02:31.578Z,AUTH_ID
505,41974,8291,PDA,P,2021-05-10,2021-05-12T18:02:31.600Z,2021-05-15T18:02:31.517Z,AUTH_ID
506,37351,5148,PDA,P,2021-05-15,2021-05-14T18:02:31.590Z,2021-05-11T18:02:31.588Z,AUTH_ID
507,46323,9162,PDA,P,2021-05-14,2021-05-13T18:02:31.561Z,2021-05-10T18:02:31.589Z,AUTH_ID
508,28736,9736,PDA,P,2021-05-10,2021-05-10T18:02:31.590Z,2021-05-15T18:02:31.597Z,AUTH_ID
509,1879,5764,PDA,P,2021-05-13,2021-05-12T18:02:31.504Z,2021-05-13T18:02:31.535Z,AUTH_ID
510,16438,2371,PDA,P,2021-05-10,2021-05-14T18:02:31.567Z,2021-05-11T18:02:31.589Z,AUTH_ID
511,25359,9379,PDA,P,2021-05-14,2021-05-10T18:02:31.501Z,2021-05-12T18:02:31.525Z,AUTH_ID
512,29955,8940,PDA,P,2021-05-14,2021-05-13T18:02:31.503Z,2021-05-10T18:02:31.508Z,AUTH_ID
513,33976,6978,PDA,P,2021-05-15,2021-05-10T18:02:31.520Z,2021-05-15T18:02:31.565Z,AUTH_ID
514,29190,2982,PDA,P,2021-05-12,2021-05-12T18:02:31.529Z,2021-05-11T18:02:31.563Z,AUTH_ID
515,17484,7558,PDA,P,2021-05-14,2021-05-13T18:02:31.560Z,2021-05-10T18:02:31.536Z,AUTH_ID
516,27146,8415,PDA,P,2021-05-11,2021-05-13T18:02:31.544Z,2021-05-13T18:02:31.528Z,AUTH_ID
517,25333,5980,PDA,P,2021-05-15,2021-05-14T18:02:31.600Z,2021-05-13T18:02:31.534Z,AUTH_ID
518,35003,7506,PDA,P,2021-05-12,2021-05-12T18:02:31.544Z,2021-05-10T18:02:31.596Z,AUTH_ID
519,14246,9446,PDA,P,2021-05-10,2021-05-11T18:02:31.517Z,2021-05-11T18:02:31.528Z,AUTH_ID
520,38133,3650,PDA,P,2021-05-11,2021-05-14T18:02:31.568Z,2021-05-10T18:02:31.573Z,AUTH_ID
521,28177,4393,PDA,P,2021-05-11,2021-05-11T18:02:31.539Z,2021-05-11T18:02:31.542Z,AUTH_ID
522,38985,2782,PDA,P,2021-05-12,2021-05-10T18:02:31.523Z,2021-05-10T18:02:31.555Z,AUTH_ID
523,49307,7210,PDA,P,2021-05-11,2021-05-13T18:02:31.543Z,2021-05-13T18:02:31.544Z,AUTH_ID
524,16656,4597,PDA,P,2021-05-14,2021-05-10T18:02:31.597Z,2021-05-13T18:02:31.554Z,AUTH_ID
525,35107,9462,PDA,P,2021-05-12,2021-05-12T18:02:31.597Z,2021-05-12T18:02:31.541Z,AUTH_ID
526,45745,4586,PDA,P,2021-05-12,2021-05-12T18:02:31.541Z,2021-05-10T18:02:31.526Z,AUTH_ID
527,15254,4999,PDA,P,2021-05-13,2021-05-14T18:02:31.559Z,2021-05-15T18:02:31.568Z,AUTH_ID
528,5446,7549,PDA,P,2021-05-14,2021-05-14T18:02:31.583Z,2021-05-14T18:02:31.555Z,AUTH_ID
529,42577,9187,PDA,P,2021-05-12,2021-05-14T18:02:31.512Z,2021-05-15T18:02:31.518Z,AUTH_ID
530,35923,5916,PDA,P,2021-05-12,2021-05-13T18:02:31.560Z,2021-05-10T18:02:31.557Z,AUTH_ID
531,26161,2430,PDA,P,2021-05-13,2021-05-13T18:02:31.528Z,2021-05-10T18:02:31.523Z,AUTH_ID
532,12653,3913,PDA,P,2021-05-11,2021-05-12T18:02:31.564Z,2021-05-11T18:02:31.599Z,AUTH_ID
533,20834,4677,PDA,P,2021-05-15,2021-05-13T18:02:31.504Z,2021-05-15T18:02:31.545Z,AUTH_ID
534,38963,8468,PDA,P,2021-05-10,2021-05-10T18:02:31.595Z,2021-05-13T18:02:31.575Z,AUTH_ID
535,20305,8377,PDA,P,2021-05-10,2021-05-14T18:02:31.589Z,2021-05-11T18:02:31.555Z,AUTH_ID
536,22592,8211,PDA,P,2021-05-12,2021-05-10T18:02:31.521Z,2021-05-10T18:02:31.517Z,AUTH_ID
537,29129,9135,PDA,P,2021-05-13,2021-05-14T18:02:31.537Z,2021-05-15T18:02:31.588Z,AUTH_ID
538,26061,6965,PDA,P,2021-05-14,2021-05-15T18:02:31.505Z,2021-05-11T18:02:31.534Z,AUTH_ID
539,18815,6918,PDA,P,2021-05-13,2021-05-15T18:02:31.509Z,2021-05-13T18:02:31.579Z,AUTH_ID
540,23018,4126,PDA,P,2021-05-14,2021-05-10T18:02:31.557Z,2021-05-12T18:02:31.515Z,AUTH_ID
541,42198,5978,PDA,P,2021-05-15,2021-05-12T18:02:31.568Z,2021-05-15T18:02:31.568Z,AUTH_ID
542,5377,4053,PDA,P,2021-05-13,2021-05-11T18:02:31.519Z,2021-05-10T18:02:31.565Z,AUTH_ID
543,26331,2214,PDA,P,2021-05-12,2021-05-15T18:02:31.585Z,2021-05-15T18:02:31.514Z,AUTH_ID
544,35058,2888,PDA,P,2021-05-10,2021-05-11T18:02:31.536Z,2021-05-10T18:02:31.569Z,AUTH_ID
545,15443,7772,PDA,P,2021-05-10,2021-05-15T18:02:31.510Z,2021-05-12T18:02:31.533Z,AUTH_ID
546,23287,9146,PDA,P,2021-05-12,2021-05-15T18:02:31.567Z,2021-05-12T18:02:31.557Z,AUTH_ID
547,5328,9474,PDA,P,2021-05-11,2021-05-13T18:02:31.536Z,2021-05-11T18:02:31.523Z,AUTH_ID
548,39420,5621,PDA,P,2021-05-15,2021-05-10T18:02:31.558Z,2021-05-14T18:02:31.554Z,AUTH_ID
549,40219,4342,PDA,P,2021-05-14,2021-05-13T18:02:31.573Z,2021-05-11T18:02:31.562Z,AUTH_ID
550,38608,9058,PDA,P,2021-05-14,2021-05-12T18:02:31.575Z,2021-05-14T18:02:31.596Z,AUTH_ID
551,5662,9895,PDA,P,2021-05-12,2021-05-15T18:02:31.567Z,2021-05-14T18:02:31.509Z,AUTH_ID
552,47780,4028,PDA,P,2021-05-10,2021-05-13T18:02:31.587Z,2021-05-14T18:02:31.546Z,AUTH_ID
553,33825,5518,PDA,P,2021-05-14,2021-05-13T18:02:31.587Z,2021-05-15T18:02:31.528Z,AUTH_ID
554,46686,7237,PDA,P,2021-05-10,2021-05-11T18:02:31.535Z,2021-05-10T18:02:31.527Z,AUTH_ID
555,6494,9507,PDA,P,2021-05-10,2021-05-15T18:02:31.568Z,2021-05-12T18:02:31.536Z,AUTH_ID
556,17665,6812,PDA,P,2021-05-10,2021-05-14T18:02:31.505Z,2021-05-11T18:02:31.519Z,AUTH_ID
557,4260,6504,PDA,P,2021-05-11,2021-05-14T18:02:31.592Z,2021-05-14T18:02:31.565Z,AUTH_ID
558,33160,5684,PDA,P,2021-05-12,2021-05-13T18:02:31.525Z,2021-05-12T18:02:31.529Z,AUTH_ID
559,34866,7133,PDA,P,2021-05-13,2021-05-11T18:02:31.590Z,2021-05-13T18:02:31.572Z,AUTH_ID
560,23981,5230,PDA,P,2021-05-10,2021-05-15T18:02:31.524Z,2021-05-10T18:02:31.574Z,AUTH_ID
561,14148,5887,PDA,P,2021-05-11,2021-05-15T18:02:31.542Z,2021-05-15T18:02:31.590Z,AUTH_ID
562,26897,4903,PDA,P,2021-05-10,2021-05-15T18:02:31.600Z,2021-05-15T18:02:31.596Z,AUTH_ID
563,7481,1643,PDA,P,2021-05-12,2021-05-10T18:02:31.590Z,2021-05-14T18:02:31.576Z,AUTH_ID
564,35046,6670,PDA,P,2021-05-13,2021-05-11T18:02:31.568Z,2021-05-11T18:02:31.557Z,AUTH_ID
565,46695,5668,PDA,P,2021-05-15,2021-05-10T18:02:31.590Z,2021-05-11T18:02:31.535Z,AUTH_ID
566,25161,6456,PDA,P,2021-05-10,2021-05-13T18:02:31.558Z,2021-05-12T18:02:31.588Z,AUTH_ID
567,34509,4350,PDA,P,2021-05-14,2021-05-13T18:02:31.500Z,2021-05-10T18:02:31.507Z,AUTH_ID
568,18861,4697,PDA,P,2021-05-12,2021-05-14T18:02:31.546Z,2021-05-12T18:02:31.586Z,AUTH_ID
569,46869,9787,PDA,P,2021-05-15,2021-05-12T18:02:31.506Z,2021-05-14T18:02:31.552Z,AUTH_ID
570,36955,3955,PDA,P,2021-05-13,2021-05-15T18:02:31.549Z,2021-05-13T18:02:31.590Z,AUTH_ID
571,18798,4832,PDA,P,2021-05-11,2021-05-14T18:02:31.545Z,2021-05-10T18:02:31.597Z,AUTH_ID
572,37079,5352,PDA,P,2021-05-14,2021-05-14T18:02:31.568Z,2021-05-10T18:02:31.585Z,AUTH_ID
573,19562,4469,PDA,P,2021-05-11,2021-05-10T18:02:31.530Z,2021-05-10T18:02:31.600Z,AUTH_ID
574,45275,8325,PDA,P,2021-05-11,2021-05-11T18:02:31.521Z,2021-05-11T18:02:31.577Z,AUTH_ID
575,31065,9114,PDA,P,2021-05-14,2021-05-15T18:02:31.529Z,2021-05-11T18:02:31.529Z,AUTH_ID
576,14275,6227,PDA,P,2021-05-14,2021-05-12T18:02:31.501Z,2021-05-11T18:02:31.567Z,AUTH_ID
577,39035,4828,PDA,P,2021-05-13,2021-05-13T18:02:31.502Z,2021-05-15T18:02:31.545Z,AUTH_ID
578,38415,8930,PDA,P,2021-05-12,2021-05-13T18:02:31.581Z,2021-05-13T18:02:31.548Z,AUTH_ID
579,14949,9052,PDA,P,2021-05-15,2021-05-13T18:02:31.563Z,2021-05-10T18:02:31.579Z,AUTH_ID
580,7938,7261,PDA,P,2021-05-10,2021-05-13T18:02:31.529Z,2021-05-13T18:02:31.578Z,AUTH_ID
581,32378,3346,PDA,P,2021-05-11,2021-05-14T18:02:31.558Z,2021-05-12T18:02:31.588Z,AUTH_ID
582,48286,2159,PDA,P,2021-05-15,2021-05-13T18:02:31.512Z,2021-05-13T18:02:31.576Z,AUTH_ID
583,42012,5466,PDA,P,2021-05-10,2021-05-14T18:02:31.575Z,2021-05-13T18:02:31.553Z,AUTH_ID
584,28701,5334,PDA,P,2021-05-10,2021-05-11T18:02:31.521Z,2021-05-15T18:02:31.589Z,AUTH_ID
585,11458,4269,PDA,P,2021-05-15,2021-05-11T18:02:31.502Z,2021-05-13T18:02:31.528Z,AUTH_ID
586,8431,6530,PDA,P,2021-05-13,2021-05-10T18:02:31.522Z,2021-05-14T18:02:31.555Z,AUTH_ID
587,10418,9120,PDA,P,2021-05-13,2021-05-13T18:02:31.559Z,2021-05-12T18:02:31.545Z,AUTH_ID
588,7284,7006,PDA,P,2021-05-10,2021-05-12T18:02:31.566Z,2021-05-10T18:02:31.520Z,AUTH_ID
589,46890,9712,PDA,P,2021-05-11,2021-05-15T18:02:31.567Z,2021-05-14T18:02:31.594Z,AUTH_ID
590,9792,8543,PDA,P,2021-05-15,2021-05-13T18:02:31.554Z,2021-05-15T18:02:31.560Z,AUTH_ID
591,5993,8641,PDA,P,2021-05-13,2021-05-12T18:02:31.535Z,2021-05-15T18:02:31.561Z,AUTH_ID
592,2779,6237,PDA,P,2021-05-12,2021-05-15T18:02:31.585Z,2021-05-14T18:02:31.581Z,AUTH_ID
593,42233,9569,PDA,P,2021-05-14,2021-05-15T18:02:31.536Z,2021-05-10T18:02:31.586Z,AUTH_ID
594,28858,7800,PDA,P,2021-05-12,2021-05-11T18:02:31.532Z,2021-05-12T18:02:31.525Z,AUTH_ID
595,22807,7793,PDA,P,2021-05-13,2021-05-11T18:02:31.526Z,2021-05-14T18:02:31.525Z,AUTH_ID
596,12256,9474,PDA,P,2021-05-12,2021-05-15T18:02:31.556Z,2021-05-14T18:02:31.518Z,AUTH_ID
597,16471,9879,PDA,P,2021-05-13,2021-05-11T18:02:31.522Z,2021-05-11T18:02:31.580Z,AUTH_ID
598,14571,9806,PDA,P,2021-05-13,2021-05-10T18:02:31.595Z,2021-05-11T18:02:31.504Z,AUTH_ID
599,21102,9984,PDA,P,2021-05-13,2021-05-15T18:02:31.503Z,2021-05-15T18:02:31.565Z,AUTH_ID
600,48650,4920,PDA,P,2021-05-15,2021-05-13T18:02:31.591Z,2021-05-12T18:02:31.562Z,AUTH_ID
601,37814,5068,PDA,P,2021-05-10,2021-05-15T18:02:31.530Z,2021-05-12T18:02:31.560Z,AUTH_ID
602,43671,8518,PDA,P,2021-05-14,2021-05-10T18:02:31.527Z,2021-05-15T18:02:31.551Z,AUTH_ID
603,26886,9036,PDA,P,2021-05-10,2021-05-12T18:02:31.588Z,2021-05-14T18:02:31.548Z,AUTH_ID
604,24830,9255,PDA,P,2021-05-15,2021-05-15T18:02:31.506Z,2021-05-15T18:02:31.524Z,AUTH_ID
605,38203,2104,PDA,P,2021-05-14,2021-05-12T18:02:31.600Z,2021-05-12T18:02:31.510Z,AUTH_ID
606,19068,2412,PDA,P,2021-05-10,2021-05-13T18:02:31.529Z,2021-05-11T18:02:31.522Z,AUTH_ID
607,9811,9236,PDA,P,2021-05-10,2021-05-10T18:02:31.515Z,2021-05-13T18:02:31.567Z,AUTH_ID
608,23329,6166,PDA,P,2021-05-13,2021-05-10T18:02:31.595Z,2021-05-10T18:02:31.576Z,AUTH_ID
609,25586,8379,PDA,P,2021-05-15,2021-05-14T18:02:31.574Z,2021-05-10T18:02:31.562Z,AUTH_ID
610,11013,2954,PDA,P,2021-05-12,2021-05-15T18:02:31.564Z,2021-05-10T18:02:31.544Z,AUTH_ID
611,27223,5841,PDA,P,2021-05-12,2021-05-13T18:02:31.560Z,2021-05-12T18:02:31.535Z,AUTH_ID
612,28179,2953,PDA,P,2021-05-11,2021-05-15T18:02:31.596Z,2021-05-13T18:02:31.501Z,AUTH_ID
613,14490,2963,PDA,P,2021-05-10,2021-05-10T18:02:31.509Z,2021-05-14T18:02:31.579Z,AUTH_ID
614,48031,6528,PDA,P,2021-05-15,2021-05-12T18:02:31.565Z,2021-05-13T18:02:31.564Z,AUTH_ID
615,22749,6458,PDA,P,2021-05-13,2021-05-11T18:02:31.555Z,2021-05-15T18:02:31.592Z,AUTH_ID
616,5386,1845,PDA,P,2021-05-14,2021-05-13T18:02:31.597Z,2021-05-14T18:02:31.551Z,AUTH_ID
617,38989,9578,PDA,P,2021-05-11,2021-05-14T18:02:31.534Z,2021-05-15T18:02:31.556Z,AUTH_ID
618,2424,9141,PDA,P,2021-05-14,2021-05-15T18:02:31.523Z,2021-05-14T18:02:31.516Z,AUTH_ID
619,46917,7601,PDA,P,2021-05-13,2021-05-10T18:02:31.521Z,2021-05-15T18:02:31.569Z,AUTH_ID
620,20775,6391,PDA,P,2021-05-12,2021-05-13T18:02:31.557Z,2021-05-13T18:02:31.529Z,AUTH_ID
621,36869,7119,PDA,P,2021-05-10,2021-05-13T18:02:31.553Z,2021-05-14T18:02:31.561Z,AUTH_ID
622,4997,2919,PDA,P,2021-05-11,2021-05-15T18:02:31.555Z,2021-05-12T18:02:31.595Z,AUTH_ID
623,33242,2252,PDA,P,2021-05-12,2021-05-11T18:02:31.543Z,2021-05-11T18:02:31.582Z,AUTH_ID
624,10256,5301,PDA,P,2021-05-12,2021-05-11T18:02:31.543Z,2021-05-11T18:02:31.529Z,AUTH_ID
625,26492,8643,PDA,P,2021-05-13,2021-05-15T18:02:31.561Z,2021-05-10T18:02:31.595Z,AUTH_ID
626,19547,4056,PDA,P,2021-05-15,2021-05-11T18:02:31.572Z,2021-05-13T18:02:31.512Z,AUTH_ID
627,9656,3502,PDA,P,2021-05-10,2021-05-11T18:02:31.521Z,2021-05-11T18:02:31.512Z,AUTH_ID
628,16186,9081,PDA,P,2021-05-12,2021-05-13T18:02:31.515Z,2021-05-10T18:02:31.502Z,AUTH_ID
629,43891,8430,PDA,P,2021-05-14,2021-05-10T18:02:31.579Z,2021-05-13T18:02:31.565Z,AUTH_ID
630,22331,5181,PDA,P,2021-05-15,2021-05-15T18:02:31.574Z,2021-05-14T18:02:31.597Z,AUTH_ID
631,32421,1806,PDA,P,2021-05-15,2021-05-12T18:02:31.577Z,2021-05-15T18:02:31.559Z,AUTH_ID
632,45589,1698,PDA,P,2021-05-13,2021-05-15T18:02:31.596Z,2021-05-10T18:02:31.590Z,AUTH_ID
633,12136,3852,PDA,P,2021-05-10,2021-05-11T18:02:31.558Z,2021-05-14T18:02:31.564Z,AUTH_ID
634,44978,2864,PDA,P,2021-05-12,2021-05-15T18:02:31.563Z,2021-05-15T18:02:31.568Z,AUTH_ID
635,19214,8282,PDA,P,2021-05-11,2021-05-11T18:02:31.564Z,2021-05-10T18:02:31.573Z,AUTH_ID
636,32783,4656,PDA,P,2021-05-12,2021-05-12T18:02:31.580Z,2021-05-13T18:02:31.539Z,AUTH_ID
637,3279,3485,PDA,P,2021-05-14,2021-05-11T18:02:31.584Z,2021-05-11T18:02:31.543Z,AUTH_ID
638,19108,8677,PDA,P,2021-05-15,2021-05-10T18:02:31.597Z,2021-05-13T18:02:31.520Z,AUTH_ID
639,28487,3639,PDA,P,2021-05-14,2021-05-14T18:02:31.532Z,2021-05-12T18:02:31.521Z,AUTH_ID
640,16371,2233,PDA,P,2021-05-15,2021-05-15T18:02:31.591Z,2021-05-12T18:02:31.540Z,AUTH_ID
641,15703,6211,PDA,P,2021-05-12,2021-05-11T18:02:31.527Z,2021-05-10T18:02:31.540Z,AUTH_ID
642,46569,8698,PDA,P,2021-05-15,2021-05-14T18:02:31.560Z,2021-05-10T18:02:31.596Z,AUTH_ID
643,11787,5215,PDA,P,2021-05-15,2021-05-15T18:02:31.566Z,2021-05-14T18:02:31.565Z,AUTH_ID
644,21022,4345,PDA,P,2021-05-14,2021-05-14T18:02:31.525Z,2021-05-12T18:02:31.549Z,AUTH_ID
645,33037,2373,PDA,P,2021-05-12,2021-05-15T18:02:31.530Z,2021-05-11T18:02:31.512Z,AUTH_ID
646,10591,4956,PDA,P,2021-05-14,2021-05-14T18:02:31.553Z,2021-05-14T18:02:31.549Z,AUTH_ID
647,41288,4545,PDA,P,2021-05-12,2021-05-13T18:02:31.542Z,2021-05-14T18:02:31.560Z,AUTH_ID
648,14245,3887,PDA,P,2021-05-13,2021-05-13T18:02:31.548Z,2021-05-10T18:02:31.590Z,AUTH_ID
649,34349,9516,PDA,P,2021-05-12,2021-05-10T18:02:31.559Z,2021-05-11T18:02:31.579Z,AUTH_ID
650,4089,1959,PDA,P,2021-05-10,2021-05-15T18:02:31.566Z,2021-05-13T18:02:31.537Z,AUTH_ID
651,49161,6689,PDA,P,2021-05-10,2021-05-11T18:02:31.598Z,2021-05-11T18:02:31.500Z,AUTH_ID
652,29657,6540,PDA,P,2021-05-12,2021-05-12T18:02:31.542Z,2021-05-14T18:02:31.579Z,AUTH_ID
653,24608,6183,PDA,P,2021-05-15,2021-05-15T18:02:31.575Z,2021-05-13T18:02:31.536Z,AUTH_ID
654,10638,6536,PDA,P,2021-05-11,2021-05-12T18:02:31.547Z,2021-05-10T18:02:31.501Z,AUTH_ID
655,12727,3235,PDA,P,2021-05-11,2021-05-10T18:02:31.571Z,2021-05-11T18:02:31.511Z,AUTH_ID
656,14201,9204,PDA,P,2021-05-11,2021-05-15T18:02:31.589Z,2021-05-10T18:02:31.567Z,AUTH_ID
657,25900,5916,PDA,P,2021-05-15,2021-05-13T18:02:31.501Z,2021-05-11T18:02:31.511Z,AUTH_ID
658,2539,5159,PDA,P,2021-05-11,2021-05-15T18:02:31.568Z,2021-05-11T18:02:31.586Z,AUTH_ID
659,28924,2863,PDA,P,2021-05-14,2021-05-10T18:02:31.525Z,2021-05-14T18:02:31.587Z,AUTH_ID
660,42111,8328,PDA,P,2021-05-10,2021-05-12T18:02:31.536Z,2021-05-10T18:02:31.598Z,AUTH_ID
661,21270,3129,PDA,P,2021-05-10,2021-05-15T18:02:31.553Z,2021-05-11T18:02:31.576Z,AUTH_ID
662,14250,9809,PDA,P,2021-05-15,2021-05-14T18:02:31.595Z,2021-05-12T18:02:31.562Z,AUTH_ID
663,5089,9386,PDA,P,2021-05-11,2021-05-13T18:02:31.551Z,2021-05-15T18:02:31.537Z,AUTH_ID
664,25770,9055,PDA,P,2021-05-12,2021-05-15T18:02:31.576Z,2021-05-11T18:02:31.502Z,AUTH_ID
665,17070,6865,PDA,P,2021-05-14,2021-05-13T18:02:31.537Z,2021-05-15T18:02:31.580Z,AUTH_ID
666,19928,2084,PDA,P,2021-05-10,2021-05-12T18:02:31.554Z,2021-05-15T18:02:31.565Z,AUTH_ID
667,12656,9166,PDA,P,2021-05-15,2021-05-13T18:02:31.559Z,2021-05-14T18:02:31.523Z,AUTH_ID
668,7060,6756,PDA,P,2021-05-13,2021-05-14T18:02:31.560Z,2021-05-11T18:02:31.588Z,AUTH_ID
669,2834,6976,PDA,P,2021-05-15,2021-05-15T18:02:31.569Z,2021-05-12T18:02:31.538Z,AUTH_ID
670,40990,5697,PDA,P,2021-05-10,2021-05-12T18:02:31.558Z,2021-05-11T18:02:31.558Z,AUTH_ID
671,35964,9525,PDA,P,2021-05-10,2021-05-11T18:02:31.579Z,2021-05-11T18:02:31.581Z,AUTH_ID
672,6143,3886,PDA,P,2021-05-10,2021-05-14T18:02:31.504Z,2021-05-13T18:02:31.566Z,AUTH_ID
673,38054,2547,PDA,P,2021-05-13,2021-05-14T18:02:31.546Z,2021-05-12T18:02:31.524Z,AUTH_ID
674,20602,7866,PDA,P,2021-05-14,2021-05-14T18:02:31.590Z,2021-05-15T18:02:31.594Z,AUTH_ID
675,43313,9980,PDA,P,2021-05-12,2021-05-12T18:02:31.579Z,2021-05-11T18:02:31.563Z,AUTH_ID
676,26670,2425,PDA,P,2021-05-15,2021-05-12T18:02:31.579Z,2021-05-14T18:02:31.533Z,AUTH_ID
677,18413,7609,PDA,P,2021-05-13,2021-05-15T18:02:31.596Z,2021-05-11T18:02:31.506Z,AUTH_ID
678,41795,2010,PDA,P,2021-05-15,2021-05-10T18:02:31.560Z,2021-05-14T18:02:31.584Z,AUTH_ID
679,28374,6184,PDA,P,2021-05-13,2021-05-15T18:02:31.599Z,2021-05-11T18:02:31.548Z,AUTH_ID
680,47568,1891,PDA,P,2021-05-11,2021-05-14T18:02:31.520Z,2021-05-14T18:02:31.514Z,AUTH_ID
681,22040,1995,PDA,P,2021-05-15,2021-05-13T18:02:31.507Z,2021-05-10T18:02:31.568Z,AUTH_ID
682,9578,9657,PDA,P,2021-05-15,2021-05-14T18:02:31.501Z,2021-05-14T18:02:31.537Z,AUTH_ID
683,36985,6588,PDA,P,2021-05-13,2021-05-15T18:02:31.505Z,2021-05-15T18:02:31.566Z,AUTH_ID
684,24656,6271,PDA,P,2021-05-14,2021-05-10T18:02:31.592Z,2021-05-12T18:02:31.526Z,AUTH_ID
685,2403,2780,PDA,P,2021-05-15,2021-05-11T18:02:31.552Z,2021-05-13T18:02:31.516Z,AUTH_ID
686,22771,6986,PDA,P,2021-05-10,2021-05-13T18:02:31.518Z,2021-05-12T18:02:31.508Z,AUTH_ID
687,27749,2276,PDA,P,2021-05-12,2021-05-14T18:02:31.592Z,2021-05-10T18:02:31.541Z,AUTH_ID
688,22314,7602,PDA,P,2021-05-14,2021-05-10T18:02:31.505Z,2021-05-14T18:02:31.532Z,AUTH_ID
689,29333,4999,PDA,P,2021-05-10,2021-05-13T18:02:31.519Z,2021-05-11T18:02:31.532Z,AUTH_ID
690,44330,6201,PDA,P,2021-05-10,2021-05-12T18:02:31.581Z,2021-05-11T18:02:31.553Z,AUTH_ID
691,36206,3603,PDA,P,2021-05-15,2021-05-14T18:02:31.516Z,2021-05-14T18:02:31.586Z,AUTH_ID
692,11951,3219,PDA,P,2021-05-11,2021-05-12T18:02:31.525Z,2021-05-12T18:02:31.513Z,AUTH_ID
693,47819,9391,PDA,P,2021-05-12,2021-05-10T18:02:31.583Z,2021-05-12T18:02:31.549Z,AUTH_ID
694,26681,8924,PDA,P,2021-05-12,2021-05-14T18:02:31.596Z,2021-05-13T18:02:31.514Z,AUTH_ID
695,11522,6788,PDA,P,2021-05-14,2021-05-15T18:02:31.562Z,2021-05-12T18:02:31.585Z,AUTH_ID
696,24021,5245,PDA,P,2021-05-10,2021-05-13T18:02:31.561Z,2021-05-15T18:02:31.591Z,AUTH_ID
697,31631,7187,PDA,P,2021-05-14,2021-05-14T18:02:31.520Z,2021-05-13T18:02:31.554Z,AUTH_ID
698,48533,7191,PDA,P,2021-05-14,2021-05-13T18:02:31.594Z,2021-05-14T18:02:31.526Z,AUTH_ID
699,30875,1707,PDA,P,2021-05-14,2021-05-13T18:02:31.576Z,2021-05-15T18:02:31.506Z,AUTH_ID
700,36001,6722,PDA,P,2021-05-15,2021-05-12T18:02:31.544Z,2021-05-15T18:02:31.594Z,AUTH_ID
701,23079,8929,PDA,P,2021-05-13,2021-05-15T18:02:31.503Z,2021-05-13T18:02:31.575Z,AUTH_ID
702,21279,6560,PDA,P,2021-05-11,2021-05-10T18:02:31.553Z,2021-05-13T18:02:31.580Z,AUTH_ID
703,47937,6766,PDA,P,2021-05-13,2021-05-15T18:02:31.516Z,2021-05-10T18:02:31.528Z,AUTH_ID
704,39706,5925,PDA,P,2021-05-12,2021-05-11T18:02:31.512Z,2021-05-14T18:02:31.599Z,AUTH_ID
705,24152,9125,PDA,P,2021-05-13,2021-05-12T18:02:31.542Z,2021-05-11T18:02:31.542Z,AUTH_ID
706,26159,8661,PDA,P,2021-05-13,2021-05-12T18:02:31.509Z,2021-05-15T18:02:31.549Z,AUTH_ID
707,24997,3698,PDA,P,2021-05-11,2021-05-14T18:02:31.504Z,2021-05-12T18:02:31.532Z,AUTH_ID
708,44857,8461,PDA,P,2021-05-15,2021-05-13T18:02:31.574Z,2021-05-10T18:02:31.516Z,AUTH_ID
709,42605,6430,PDA,P,2021-05-13,2021-05-10T18:02:31.536Z,2021-05-11T18:02:31.547Z,AUTH_ID
710,17820,8548,PDA,P,2021-05-14,2021-05-15T18:02:31.550Z,2021-05-11T18:02:31.512Z,AUTH_ID
711,15935,1987,PDA,P,2021-05-13,2021-05-11T18:02:31.555Z,2021-05-14T18:02:31.512Z,AUTH_ID
712,38865,6853,PDA,P,2021-05-15,2021-05-11T18:02:31.522Z,2021-05-10T18:02:31.537Z,AUTH_ID
713,8367,7006,PDA,P,2021-05-15,2021-05-10T18:02:31.507Z,2021-05-11T18:02:31.549Z,AUTH_ID
714,41174,5120,PDA,P,2021-05-14,2021-05-10T18:02:31.529Z,2021-05-14T18:02:31.544Z,AUTH_ID
715,29778,7273,PDA,P,2021-05-10,2021-05-14T18:02:31.569Z,2021-05-10T18:02:31.573Z,AUTH_ID
716,45636,4308,PDA,P,2021-05-15,2021-05-12T18:02:31.575Z,2021-05-13T18:02:31.549Z,AUTH_ID
717,6067,2018,PDA,P,2021-05-14,2021-05-12T18:02:31.564Z,2021-05-11T18:02:31.532Z,AUTH_ID
718,17449,9991,PDA,P,2021-05-11,2021-05-10T18:02:31.530Z,2021-05-14T18:02:31.563Z,AUTH_ID
719,6272,1801,PDA,P,2021-05-10,2021-05-14T18:02:31.528Z,2021-05-13T18:02:31.572Z,AUTH_ID
720,25609,8603,PDA,P,2021-05-15,2021-05-10T18:02:31.584Z,2021-05-10T18:02:31.586Z,AUTH_ID
721,3506,6853,PDA,P,2021-05-10,2021-05-12T18:02:31.527Z,2021-05-14T18:02:31.587Z,AUTH_ID
722,32956,7586,PDA,P,2021-05-10,2021-05-12T18:02:31.540Z,2021-05-12T18:02:31.567Z,AUTH_ID
723,3590,6149,PDA,P,2021-05-10,2021-05-14T18:02:31.501Z,2021-05-15T18:02:31.586Z,AUTH_ID
724,37740,8711,PDA,P,2021-05-12,2021-05-13T18:02:31.593Z,2021-05-13T18:02:31.579Z,AUTH_ID
725,12843,2382,PDA,P,2021-05-15,2021-05-11T18:02:31.538Z,2021-05-11T18:02:31.593Z,AUTH_ID
726,33411,9535,PDA,P,2021-05-15,2021-05-14T18:02:31.529Z,2021-05-10T18:02:31.592Z,AUTH_ID
727,11898,7171,PDA,P,2021-05-13,2021-05-13T18:02:31.533Z,2021-05-10T18:02:31.547Z,AUTH_ID
728,13238,4830,PDA,P,2021-05-13,2021-05-10T18:02:31.552Z,2021-05-10T18:02:31.505Z,AUTH_ID
729,27637,6098,PDA,P,2021-05-14,2021-05-11T18:02:31.546Z,2021-05-13T18:02:31.548Z,AUTH_ID
730,19883,1747,PDA,P,2021-05-15,2021-05-11T18:02:31.573Z,2021-05-12T18:02:31.524Z,AUTH_ID
731,9118,4739,PDA,P,2021-05-13,2021-05-15T18:02:31.557Z,2021-05-10T18:02:31.533Z,AUTH_ID
732,3817,2523,PDA,P,2021-05-12,2021-05-10T18:02:31.589Z,2021-05-13T18:02:31.519Z,AUTH_ID
733,32526,2193,PDA,P,2021-05-13,2021-05-11T18:02:31.530Z,2021-05-15T18:02:31.595Z,AUTH_ID
734,25715,5749,PDA,P,2021-05-14,2021-05-12T18:02:31.545Z,2021-05-13T18:02:31.556Z,AUTH_ID
735,28613,7976,PDA,P,2021-05-14,2021-05-15T18:02:31.503Z,2021-05-15T18:02:31.504Z,AUTH_ID
736,2419,2697,PDA,P,2021-05-12,2021-05-11T18:02:31.583Z,2021-05-14T18:02:31.527Z,AUTH_ID
737,35699,3317,PDA,P,2021-05-13,2021-05-11T18:02:31.589Z,2021-05-14T18:02:31.560Z,AUTH_ID
738,17861,5001,PDA,P,2021-05-13,2021-05-11T18:02:31.561Z,2021-05-15T18:02:31.563Z,AUTH_ID
739,22841,5580,PDA,P,2021-05-12,2021-05-10T18:02:31.516Z,2021-05-13T18:02:31.553Z,AUTH_ID
740,42500,2169,PDA,P,2021-05-15,2021-05-14T18:02:31.516Z,2021-05-13T18:02:31.587Z,AUTH_ID
741,35583,6161,PDA,P,2021-05-15,2021-05-12T18:02:31.582Z,2021-05-13T18:02:31.506Z,AUTH_ID
742,49527,2739,PDA,P,2021-05-13,2021-05-14T18:02:31.520Z,2021-05-13T18:02:31.541Z,AUTH_ID
743,14559,9431,PDA,P,2021-05-12,2021-05-14T18:02:31.507Z,2021-05-14T18:02:31.566Z,AUTH_ID
744,39311,8478,PDA,P,2021-05-14,2021-05-12T18:02:31.572Z,2021-05-12T18:02:31.598Z,AUTH_ID
745,8362,2889,PDA,P,2021-05-10,2021-05-15T18:02:31.520Z,2021-05-12T18:02:31.523Z,AUTH_ID
746,43999,4008,PDA,P,2021-05-13,2021-05-13T18:02:31.547Z,2021-05-14T18:02:31.559Z,AUTH_ID
747,32417,6780,PDA,P,2021-05-13,2021-05-12T18:02:31.576Z,2021-05-13T18:02:31.563Z,AUTH_ID
748,47723,6564,PDA,P,2021-05-13,2021-05-11T18:02:31.593Z,2021-05-10T18:02:31.591Z,AUTH_ID
749,31420,7166,PDA,P,2021-05-10,2021-05-10T18:02:31.586Z,2021-05-14T18:02:31.563Z,AUTH_ID
750,9089,7725,PDA,P,2021-05-10,2021-05-10T18:02:31.521Z,2021-05-13T18:02:31.510Z,AUTH_ID
751,32321,3030,PDA,P,2021-05-14,2021-05-10T18:02:31.594Z,2021-05-15T18:02:31.523Z,AUTH_ID
752,26107,3401,PDA,P,2021-05-10,2021-05-10T18:02:31.582Z,2021-05-13T18:02:31.594Z,AUTH_ID
753,24811,8900,PDA,P,2021-05-14,2021-05-11T18:02:31.538Z,2021-05-13T18:02:31.507Z,AUTH_ID
754,41908,9065,PDA,P,2021-05-12,2021-05-15T18:02:31.512Z,2021-05-11T18:02:31.560Z,AUTH_ID
755,25619,7808,PDA,P,2021-05-11,2021-05-14T18:02:31.587Z,2021-05-10T18:02:31.599Z,AUTH_ID
756,44502,6421,PDA,P,2021-05-12,2021-05-13T18:02:31.550Z,2021-05-11T18:02:31.537Z,AUTH_ID
757,12947,5816,PDA,P,2021-05-13,2021-05-14T18:02:31.504Z,2021-05-15T18:02:31.562Z,AUTH_ID
758,40555,4072,PDA,P,2021-05-10,2021-05-13T18:02:31.584Z,2021-05-13T18:02:31.561Z,AUTH_ID
759,33082,9056,PDA,P,2021-05-14,2021-05-11T18:02:31.557Z,2021-05-14T18:02:31.550Z,AUTH_ID
760,47901,4115,PDA,P,2021-05-13,2021-05-12T18:02:31.591Z,2021-05-14T18:02:31.597Z,AUTH_ID
761,6229,3961,PDA,P,2021-05-10,2021-05-12T18:02:31.571Z,2021-05-13T18:02:31.590Z,AUTH_ID
762,7607,5418,PDA,P,2021-05-12,2021-05-10T18:02:31.528Z,2021-05-10T18:02:31.501Z,AUTH_ID
763,35274,2525,PDA,P,2021-05-15,2021-05-15T18:02:31.549Z,2021-05-14T18:02:31.557Z,AUTH_ID
764,26471,6537,PDA,P,2021-05-10,2021-05-13T18:02:31.537Z,2021-05-13T18:02:31.510Z,AUTH_ID
765,11739,4312,PDA,P,2021-05-14,2021-05-10T18:02:31.577Z,2021-05-11T18:02:31.507Z,AUTH_ID
766,48015,2343,PDA,P,2021-05-11,2021-05-15T18:02:31.525Z,2021-05-15T18:02:31.597Z,AUTH_ID
767,31425,4991,PDA,P,2021-05-14,2021-05-12T18:02:31.514Z,2021-05-12T18:02:31.598Z,AUTH_ID
768,26248,4990,PDA,P,2021-05-11,2021-05-11T18:02:31.529Z,2021-05-14T18:02:31.521Z,AUTH_ID
769,20775,6831,PDA,P,2021-05-15,2021-05-10T18:02:31.533Z,2021-05-14T18:02:31.518Z,AUTH_ID
770,40449,3368,PDA,P,2021-05-10,2021-05-11T18:02:31.501Z,2021-05-12T18:02:31.588Z,AUTH_ID
771,29326,3935,PDA,P,2021-05-14,2021-05-15T18:02:31.546Z,2021-05-11T18:02:31.529Z,AUTH_ID
772,13768,4901,PDA,P,2021-05-12,2021-05-10T18:02:31.521Z,2021-05-10T18:02:31.573Z,AUTH_ID
773,30877,7178,PDA,P,2021-05-13,2021-05-12T18:02:31.586Z,2021-05-13T18:02:31.512Z,AUTH_ID
774,9882,9066,PDA,P,2021-05-10,2021-05-10T18:02:31.584Z,2021-05-12T18:02:31.503Z,AUTH_ID
775,10434,7171,PDA,P,2021-05-14,2021-05-10T18:02:31.520Z,2021-05-14T18:02:31.599Z,AUTH_ID
776,34202,5735,PDA,P,2021-05-10,2021-05-13T18:02:31.579Z,2021-05-14T18:02:31.549Z,AUTH_ID
777,3056,6006,PDA,P,2021-05-15,2021-05-10T18:02:31.591Z,2021-05-10T18:02:31.596Z,AUTH_ID
778,13416,8224,PDA,P,2021-05-10,2021-05-15T18:02:31.563Z,2021-05-12T18:02:31.560Z,AUTH_ID
779,29664,4945,PDA,P,2021-05-13,2021-05-12T18:02:31.580Z,2021-05-10T18:02:31.597Z,AUTH_ID
780,29688,9845,PDA,P,2021-05-13,2021-05-11T18:02:31.529Z,2021-05-14T18:02:31.596Z,AUTH_ID
781,7727,7466,PDA,P,2021-05-14,2021-05-15T18:02:31.552Z,2021-05-10T18:02:31.566Z,AUTH_ID
782,22463,8226,PDA,P,2021-05-13,2021-05-11T18:02:31.583Z,2021-05-12T18:02:31.512Z,AUTH_ID
783,18256,8897,PDA,P,2021-05-11,2021-05-15T18:02:31.588Z,2021-05-11T18:02:31.512Z,AUTH_ID
784,2278,1966,PDA,P,2021-05-11,2021-05-14T18:02:31.599Z,2021-05-10T18:02:31.574Z,AUTH_ID
785,46625,3057,PDA,P,2021-05-11,2021-05-15T18:02:31.551Z,2021-05-11T18:02:31.510Z,AUTH_ID
786,10797,8121,PDA,P,2021-05-10,2021-05-11T18:02:31.554Z,2021-05-13T18:02:31.560Z,AUTH_ID
787,3408,4592,PDA,P,2021-05-11,2021-05-15T18:02:31.555Z,2021-05-14T18:02:31.522Z,AUTH_ID
788,36018,6198,PDA,P,2021-05-14,2021-05-12T18:02:31.580Z,2021-05-12T18:02:31.532Z,AUTH_ID
789,10182,2686,PDA,P,2021-05-12,2021-05-15T18:02:31.588Z,2021-05-15T18:02:31.587Z,AUTH_ID
790,36538,2640,PDA,P,2021-05-12,2021-05-12T18:02:31.538Z,2021-05-11T18:02:31.554Z,AUTH_ID
791,26300,5526,PDA,P,2021-05-15,2021-05-10T18:02:31.517Z,2021-05-14T18:02:31.502Z,AUTH_ID
792,41083,7003,PDA,P,2021-05-11,2021-05-15T18:02:31.516Z,2021-05-15T18:02:31.505Z,AUTH_ID
793,14209,4880,PDA,P,2021-05-12,2021-05-13T18:02:31.578Z,2021-05-12T18:02:31.592Z,AUTH_ID
794,12174,2962,PDA,P,2021-05-12,2021-05-14T18:02:31.546Z,2021-05-10T18:02:31.552Z,AUTH_ID
795,8724,8759,PDA,P,2021-05-15,2021-05-13T18:02:31.524Z,2021-05-12T18:02:31.556Z,AUTH_ID
796,25204,8741,PDA,P,2021-05-14,2021-05-15T18:02:31.536Z,2021-05-10T18:02:31.531Z,AUTH_ID
797,44473,3376,PDA,P,2021-05-15,2021-05-10T18:02:31.556Z,2021-05-15T18:02:31.557Z,AUTH_ID
798,3063,6286,PDA,P,2021-05-13,2021-05-13T18:02:31.568Z,2021-05-15T18:02:31.549Z,AUTH_ID
799,33255,8386,PDA,P,2021-05-10,2021-05-15T18:02:31.579Z,2021-05-11T18:02:31.548Z,AUTH_ID
800,34244,3514,PDA,P,2021-05-15,2021-05-13T18:02:31.532Z,2021-05-13T18:02:31.526Z,AUTH_ID
801,43901,8317,PDA,P,2021-05-14,2021-05-12T18:02:31.516Z,2021-05-12T18:02:31.549Z,AUTH_ID
802,40999,9295,PDA,P,2021-05-15,2021-05-14T18:02:31.558Z,2021-05-13T18:02:31.580Z,AUTH_ID
803,44591,1889,PDA,P,2021-05-13,2021-05-14T18:02:31.593Z,2021-05-13T18:02:31.584Z,AUTH_ID
804,12363,2378,PDA,P,2021-05-14,2021-05-13T18:02:31.569Z,2021-05-13T18:02:31.553Z,AUTH_ID
805,12319,9802,PDA,P,2021-05-11,2021-05-11T18:02:31.557Z,2021-05-11T18:02:31.579Z,AUTH_ID
806,25465,3244,PDA,P,2021-05-12,2021-05-15T18:02:31.593Z,2021-05-10T18:02:31.582Z,AUTH_ID
807,7433,6429,PDA,P,2021-05-10,2021-05-12T18:02:31.524Z,2021-05-14T18:02:31.566Z,AUTH_ID
808,8141,4030,PDA,P,2021-05-14,2021-05-10T18:02:31.573Z,2021-05-10T18:02:31.509Z,AUTH_ID
809,16989,2773,PDA,P,2021-05-13,2021-05-12T18:02:31.507Z,2021-05-10T18:02:31.566Z,AUTH_ID
810,15573,3291,PDA,P,2021-05-15,2021-05-13T18:02:31.575Z,2021-05-13T18:02:31.522Z,AUTH_ID
811,46321,8203,PDA,P,2021-05-13,2021-05-14T18:02:31.570Z,2021-05-10T18:02:31.544Z,AUTH_ID
812,7067,7639,PDA,P,2021-05-13,2021-05-11T18:02:31.543Z,2021-05-14T18:02:31.509Z,AUTH_ID
813,28031,9163,PDA,P,2021-05-14,2021-05-11T18:02:31.593Z,2021-05-11T18:02:31.547Z,AUTH_ID
814,27492,4169,PDA,P,2021-05-10,2021-05-11T18:02:31.543Z,2021-05-15T18:02:31.559Z,AUTH_ID
815,2987,4752,PDA,P,2021-05-13,2021-05-13T18:02:31.587Z,2021-05-13T18:02:31.503Z,AUTH_ID
816,24524,9565,PDA,P,2021-05-12,2021-05-13T18:02:31.595Z,2021-05-11T18:02:31.584Z,AUTH_ID
817,3078,2229,PDA,P,2021-05-14,2021-05-12T18:02:31.568Z,2021-05-15T18:02:31.566Z,AUTH_ID
818,2127,4268,PDA,P,2021-05-10,2021-05-10T18:02:31.511Z,2021-05-11T18:02:31.578Z,AUTH_ID
819,45118,2826,PDA,P,2021-05-14,2021-05-11T18:02:31.557Z,2021-05-12T18:02:31.501Z,AUTH_ID
820,43519,3587,PDA,P,2021-05-12,2021-05-15T18:02:31.564Z,2021-05-12T18:02:31.515Z,AUTH_ID
821,11888,6347,PDA,P,2021-05-11,2021-05-12T18:02:31.500Z,2021-05-13T18:02:31.513Z,AUTH_ID
822,16425,5800,PDA,P,2021-05-10,2021-05-14T18:02:31.599Z,2021-05-12T18:02:31.524Z,AUTH_ID
823,12235,4367,PDA,P,2021-05-14,2021-05-10T18:02:31.538Z,2021-05-10T18:02:31.501Z,AUTH_ID
824,38994,6265,PDA,P,2021-05-14,2021-05-15T18:02:31.595Z,2021-05-11T18:02:31.576Z,AUTH_ID
825,48204,4543,PDA,P,2021-05-10,2021-05-11T18:02:31.530Z,2021-05-12T18:02:31.587Z,AUTH_ID
826,26789,5542,PDA,P,2021-05-12,2021-05-14T18:02:31.534Z,2021-05-10T18:02:31.507Z,AUTH_ID
827,39838,6041,PDA,P,2021-05-12,2021-05-13T18:02:31.583Z,2021-05-15T18:02:31.568Z,AUTH_ID
828,9952,2183,PDA,P,2021-05-12,2021-05-15T18:02:31.578Z,2021-05-14T18:02:31.500Z,AUTH_ID
829,25787,7141,PDA,P,2021-05-13,2021-05-11T18:02:31.583Z,2021-05-15T18:02:31.590Z,AUTH_ID
830,44453,6308,PDA,P,2021-05-12,2021-05-13T18:02:31.569Z,2021-05-11T18:02:31.508Z,AUTH_ID
831,15251,6261,PDA,P,2021-05-12,2021-05-13T18:02:31.525Z,2021-05-11T18:02:31.573Z,AUTH_ID
832,47530,9725,PDA,P,2021-05-11,2021-05-15T18:02:31.530Z,2021-05-10T18:02:31.533Z,AUTH_ID
833,6888,2628,PDA,P,2021-05-15,2021-05-15T18:02:31.574Z,2021-05-12T18:02:31.524Z,AUTH_ID
834,39757,3641,PDA,P,2021-05-10,2021-05-11T18:02:31.552Z,2021-05-12T18:02:31.577Z,AUTH_ID
835,27190,6179,PDA,P,2021-05-10,2021-05-13T18:02:31.564Z,2021-05-13T18:02:31.566Z,AUTH_ID
836,7666,9365,PDA,P,2021-05-15,2021-05-14T18:02:31.589Z,2021-05-13T18:02:31.535Z,AUTH_ID
837,38655,7543,PDA,P,2021-05-12,2021-05-12T18:02:31.533Z,2021-05-14T18:02:31.557Z,AUTH_ID
838,13470,2518,PDA,P,2021-05-12,2021-05-10T18:02:31.539Z,2021-05-11T18:02:31.526Z,AUTH_ID
839,20273,5580,PDA,P,2021-05-15,2021-05-12T18:02:31.522Z,2021-05-12T18:02:31.553Z,AUTH_ID
840,13162,2899,PDA,P,2021-05-14,2021-05-13T18:02:31.574Z,2021-05-10T18:02:31.533Z,AUTH_ID
841,17849,4812,PDA,P,2021-05-14,2021-05-11T18:02:31.500Z,2021-05-15T18:02:31.519Z,AUTH_ID
842,37553,6383,PDA,P,2021-05-12,2021-05-12T18:02:31.546Z,2021-05-14T18:02:31.505Z,AUTH_ID
843,6449,6629,PDA,P,2021-05-14,2021-05-10T18:02:31.504Z,2021-05-15T18:02:31.589Z,AUTH_ID
844,15729,8861,PDA,P,2021-05-10,2021-05-10T18:02:31.537Z,2021-05-15T18:02:31.517Z,AUTH_ID
845,17683,3273,PDA,P,2021-05-14,2021-05-10T18:02:31.541Z,2021-05-10T18:02:31.535Z,AUTH_ID
846,33933,7703,PDA,P,2021-05-15,2021-05-11T18:02:31.590Z,2021-05-13T18:02:31.547Z,AUTH_ID
847,33237,5125,PDA,P,2021-05-13,2021-05-11T18:02:31.505Z,2021-05-14T18:02:31.583Z,AUTH_ID
848,3250,4638,PDA,P,2021-05-10,2021-05-14T18:02:31.568Z,2021-05-10T18:02:31.581Z,AUTH_ID
849,47882,7140,PDA,P,2021-05-14,2021-05-10T18:02:31.535Z,2021-05-10T18:02:31.543Z,AUTH_ID
850,3355,2822,PDA,P,2021-05-13,2021-05-14T18:02:31.555Z,2021-05-11T18:02:31.534Z,AUTH_ID
851,24604,3887,PDA,P,2021-05-13,2021-05-10T18:02:31.570Z,2021-05-11T18:02:31.502Z,AUTH_ID
852,46090,9908,PDA,P,2021-05-11,2021-05-11T18:02:31.552Z,2021-05-13T18:02:31.507Z,AUTH_ID
853,48173,6948,PDA,P,2021-05-14,2021-05-10T18:02:31.521Z,2021-05-11T18:02:31.528Z,AUTH_ID
854,35824,9567,PDA,P,2021-05-13,2021-05-11T18:02:31.530Z,2021-05-12T18:02:31.553Z,AUTH_ID
855,6138,5075,PDA,P,2021-05-13,2021-05-15T18:02:31.574Z,2021-05-12T18:02:31.600Z,AUTH_ID
856,35696,4324,PDA,P,2021-05-13,2021-05-11T18:02:31.544Z,2021-05-11T18:02:31.567Z,AUTH_ID
857,39556,8838,PDA,P,2021-05-13,2021-05-11T18:02:31.526Z,2021-05-12T18:02:31.517Z,AUTH_ID
858,21295,3381,PDA,P,2021-05-13,2021-05-15T18:02:31.573Z,2021-05-11T18:02:31.533Z,AUTH_ID
859,30068,4935,PDA,P,2021-05-12,2021-05-11T18:02:31.560Z,2021-05-15T18:02:31.506Z,AUTH_ID
860,25887,9713,PDA,P,2021-05-11,2021-05-15T18:02:31.582Z,2021-05-15T18:02:31.518Z,AUTH_ID
861,36623,5471,PDA,P,2021-05-10,2021-05-15T18:02:31.588Z,2021-05-13T18:02:31.550Z,AUTH_ID
862,42833,4047,PDA,P,2021-05-13,2021-05-14T18:02:31.574Z,2021-05-14T18:02:31.551Z,AUTH_ID
863,17191,2802,PDA,P,2021-05-13,2021-05-11T18:02:31.523Z,2021-05-11T18:02:31.560Z,AUTH_ID
864,34185,4519,PDA,P,2021-05-15,2021-05-14T18:02:31.575Z,2021-05-10T18:02:31.546Z,AUTH_ID
865,3157,7357,PDA,P,2021-05-15,2021-05-15T18:02:31.600Z,2021-05-14T18:02:31.586Z,AUTH_ID
866,10357,2340,PDA,P,2021-05-15,2021-05-15T18:02:31.520Z,2021-05-12T18:02:31.543Z,AUTH_ID
867,21410,4911,PDA,P,2021-05-13,2021-05-14T18:02:31.541Z,2021-05-13T18:02:31.564Z,AUTH_ID
868,43526,4157,PDA,P,2021-05-13,2021-05-13T18:02:31.588Z,2021-05-12T18:02:31.550Z,AUTH_ID
869,21357,2552,PDA,P,2021-05-11,2021-05-13T18:02:31.567Z,2021-05-13T18:02:31.543Z,AUTH_ID
870,39168,8060,PDA,P,2021-05-11,2021-05-13T18:02:31.564Z,2021-05-12T18:02:31.519Z,AUTH_ID
871,27849,7606,PDA,P,2021-05-14,2021-05-13T18:02:31.518Z,2021-05-12T18:02:31.555Z,AUTH_ID
872,3489,7375,PDA,P,2021-05-14,2021-05-12T18:02:31.514Z,2021-05-13T18:02:31.548Z,AUTH_ID
873,36191,6602,PDA,P,2021-05-13,2021-05-11T18:02:31.554Z,2021-05-14T18:02:31.570Z,AUTH_ID
874,7557,9182,PDA,P,2021-05-11,2021-05-14T18:02:31.508Z,2021-05-14T18:02:31.598Z,AUTH_ID
875,33136,8261,PDA,P,2021-05-14,2021-05-14T18:02:31.560Z,2021-05-10T18:02:31.525Z,AUTH_ID
876,49157,7936,PDA,P,2021-05-13,2021-05-11T18:02:31.541Z,2021-05-12T18:02:31.573Z,AUTH_ID
877,45331,5165,PDA,P,2021-05-12,2021-05-11T18:02:31.503Z,2021-05-14T18:02:31.545Z,AUTH_ID
878,47441,5216,PDA,P,2021-05-13,2021-05-11T18:02:31.519Z,2021-05-12T18:02:31.514Z,AUTH_ID
879,21285,7922,PDA,P,2021-05-10,2021-05-10T18:02:31.569Z,2021-05-10T18:02:31.598Z,AUTH_ID
880,49075,4440,PDA,P,2021-05-10,2021-05-11T18:02:31.566Z,2021-05-13T18:02:31.521Z,AUTH_ID
881,44027,4165,PDA,P,2021-05-14,2021-05-15T18:02:31.519Z,2021-05-14T18:02:31.514Z,AUTH_ID
882,33402,7766,PDA,P,2021-05-11,2021-05-15T18:02:31.514Z,2021-05-10T18:02:31.550Z,AUTH_ID
883,12259,7098,PDA,P,2021-05-12,2021-05-13T18:02:31.512Z,2021-05-11T18:02:31.543Z,AUTH_ID
884,49201,6939,PDA,P,2021-05-10,2021-05-14T18:02:31.595Z,2021-05-10T18:02:31.585Z,AUTH_ID
885,7594,4363,PDA,P,2021-05-14,2021-05-15T18:02:31.528Z,2021-05-14T18:02:31.536Z,AUTH_ID
886,36595,4125,PDA,P,2021-05-15,2021-05-13T18:02:31.562Z,2021-05-12T18:02:31.582Z,AUTH_ID
887,47962,4774,PDA,P,2021-05-11,2021-05-12T18:02:31.525Z,2021-05-12T18:02:31.560Z,AUTH_ID
888,37283,5547,PDA,P,2021-05-10,2021-05-13T18:02:31.584Z,2021-05-14T18:02:31.511Z,AUTH_ID
889,34674,1945,PDA,P,2021-05-15,2021-05-12T18:02:31.593Z,2021-05-14T18:02:31.548Z,AUTH_ID
890,22604,5374,PDA,P,2021-05-11,2021-05-14T18:02:31.533Z,2021-05-12T18:02:31.562Z,AUTH_ID
891,15615,4227,PDA,P,2021-05-10,2021-05-14T18:02:31.593Z,2021-05-13T18:02:31.561Z,AUTH_ID
892,32429,2597,PDA,P,2021-05-13,2021-05-14T18:02:31.546Z,2021-05-12T18:02:31.512Z,AUTH_ID
893,10760,6634,PDA,P,2021-05-14,2021-05-10T18:02:31.506Z,2021-05-15T18:02:31.530Z,AUTH_ID
894,28804,7169,PDA,P,2021-05-11,2021-05-13T18:02:31.574Z,2021-05-15T18:02:31.543Z,AUTH_ID
895,22176,9709,PDA,P,2021-05-12,2021-05-13T18:02:31.546Z,2021-05-14T18:02:31.503Z,AUTH_ID
896,31104,5875,PDA,P,2021-05-12,2021-05-13T18:02:31.548Z,2021-05-13T18:02:31.531Z,AUTH_ID
897,28043,8081,PDA,P,2021-05-11,2021-05-13T18:02:31.589Z,2021-05-11T18:02:31.591Z,AUTH_ID
898,47930,7499,PDA,P,2021-05-10,2021-05-10T18:02:31.519Z,2021-05-10T18:02:31.596Z,AUTH_ID
899,2586,8517,PDA,P,2021-05-12,2021-05-13T18:02:31.544Z,2021-05-11T18:02:31.559Z,AUTH_ID
900,29569,8481,PDA,P,2021-05-11,2021-05-10T18:02:31.524Z,2021-05-15T18:02:31.582Z,AUTH_ID
901,47359,6414,PDA,P,2021-05-10,2021-05-13T18:02:31.536Z,2021-05-12T18:02:31.502Z,AUTH_ID
902,19242,7098,PDA,P,2021-05-12,2021-05-14T18:02:31.531Z,2021-05-14T18:02:31.552Z,AUTH_ID
903,10315,9538,PDA,P,2021-05-13,2021-05-10T18:02:31.589Z,2021-05-15T18:02:31.565Z,AUTH_ID
904,21417,9472,PDA,P,2021-05-15,2021-05-11T18:02:31.508Z,2021-05-12T18:02:31.589Z,AUTH_ID
905,9517,6488,PDA,P,2021-05-11,2021-05-14T18:02:31.569Z,2021-05-14T18:02:31.523Z,AUTH_ID
906,30863,4705,PDA,P,2021-05-15,2021-05-11T18:02:31.503Z,2021-05-15T18:02:31.572Z,AUTH_ID
907,42566,9386,PDA,P,2021-05-15,2021-05-11T18:02:31.517Z,2021-05-11T18:02:31.562Z,AUTH_ID
908,14453,7066,PDA,P,2021-05-13,2021-05-12T18:02:31.589Z,2021-05-13T18:02:31.539Z,AUTH_ID
909,28184,2572,PDA,P,2021-05-10,2021-05-15T18:02:31.576Z,2021-05-13T18:02:31.530Z,AUTH_ID
910,37589,8083,PDA,P,2021-05-13,2021-05-12T18:02:31.588Z,2021-05-14T18:02:31.509Z,AUTH_ID
911,14110,5192,PDA,P,2021-05-13,2021-05-13T18:02:31.574Z,2021-05-14T18:02:31.574Z,AUTH_ID
912,31096,3512,PDA,P,2021-05-11,2021-05-15T18:02:31.586Z,2021-05-15T18:02:31.529Z,AUTH_ID
913,34211,2213,PDA,P,2021-05-13,2021-05-12T18:02:31.568Z,2021-05-14T18:02:31.576Z,AUTH_ID
914,4858,7524,PDA,P,2021-05-13,2021-05-15T18:02:31.592Z,2021-05-15T18:02:31.551Z,AUTH_ID
915,22049,7770,PDA,P,2021-05-15,2021-05-15T18:02:31.518Z,2021-05-14T18:02:31.573Z,AUTH_ID
916,25083,8715,PDA,P,2021-05-13,2021-05-14T18:02:31.561Z,2021-05-15T18:02:31.599Z,AUTH_ID
917,6343,2724,PDA,P,2021-05-13,2021-05-12T18:02:31.568Z,2021-05-15T18:02:31.591Z,AUTH_ID
918,28640,5770,PDA,P,2021-05-10,2021-05-13T18:02:31.546Z,2021-05-13T18:02:31.533Z,AUTH_ID
919,43712,9576,PDA,P,2021-05-14,2021-05-12T18:02:31.590Z,2021-05-11T18:02:31.545Z,AUTH_ID
920,32266,6759,PDA,P,2021-05-13,2021-05-10T18:02:31.523Z,2021-05-10T18:02:31.584Z,AUTH_ID
921,44687,5399,PDA,P,2021-05-13,2021-05-10T18:02:31.566Z,2021-05-14T18:02:31.503Z,AUTH_ID
922,25578,4304,PDA,P,2021-05-11,2021-05-15T18:02:31.533Z,2021-05-15T18:02:31.542Z,AUTH_ID
923,25713,2725,PDA,P,2021-05-13,2021-05-14T18:02:31.573Z,2021-05-15T18:02:31.532Z,AUTH_ID
924,12487,8320,PDA,P,2021-05-10,2021-05-15T18:02:31.597Z,2021-05-11T18:02:31.582Z,AUTH_ID
925,13495,4733,PDA,P,2021-05-14,2021-05-12T18:02:31.591Z,2021-05-12T18:02:31.579Z,AUTH_ID
926,13347,8329,PDA,P,2021-05-11,2021-05-15T18:02:31.565Z,2021-05-10T18:02:31.548Z,AUTH_ID
927,7785,2201,PDA,P,2021-05-15,2021-05-15T18:02:31.501Z,2021-05-11T18:02:31.591Z,AUTH_ID
928,21367,6009,PDA,P,2021-05-15,2021-05-13T18:02:31.518Z,2021-05-12T18:02:31.538Z,AUTH_ID
929,45717,4675,PDA,P,2021-05-12,2021-05-11T18:02:31.537Z,2021-05-11T18:02:31.559Z,AUTH_ID
930,13554,2807,PDA,P,2021-05-10,2021-05-11T18:02:31.550Z,2021-05-11T18:02:31.542Z,AUTH_ID
931,31476,3549,PDA,P,2021-05-14,2021-05-15T18:02:31.542Z,2021-05-10T18:02:31.521Z,AUTH_ID
932,16493,8285,PDA,P,2021-05-12,2021-05-12T18:02:31.589Z,2021-05-12T18:02:31.550Z,AUTH_ID
933,6393,8918,PDA,P,2021-05-10,2021-05-10T18:02:31.521Z,2021-05-14T18:02:31.574Z,AUTH_ID
934,12650,2408,PDA,P,2021-05-15,2021-05-14T18:02:31.553Z,2021-05-13T18:02:31.574Z,AUTH_ID
935,3993,6854,PDA,P,2021-05-10,2021-05-15T18:02:31.573Z,2021-05-13T18:02:31.555Z,AUTH_ID
936,5922,9792,PDA,P,2021-05-15,2021-05-15T18:02:31.533Z,2021-05-13T18:02:31.591Z,AUTH_ID
937,34052,6726,PDA,P,2021-05-12,2021-05-10T18:02:31.527Z,2021-05-11T18:02:31.572Z,AUTH_ID
938,3729,9214,PDA,P,2021-05-15,2021-05-14T18:02:31.502Z,2021-05-12T18:02:31.526Z,AUTH_ID
939,22804,7085,PDA,P,2021-05-13,2021-05-11T18:02:31.502Z,2021-05-11T18:02:31.538Z,AUTH_ID
940,11088,8840,PDA,P,2021-05-11,2021-05-10T18:02:31.572Z,2021-05-13T18:02:31.573Z,AUTH_ID
941,33493,9076,PDA,P,2021-05-12,2021-05-13T18:02:31.542Z,2021-05-12T18:02:31.548Z,AUTH_ID
942,36516,4705,PDA,P,2021-05-13,2021-05-15T18:02:31.533Z,2021-05-12T18:02:31.580Z,AUTH_ID
943,20173,6379,PDA,P,2021-05-11,2021-05-11T18:02:31.569Z,2021-05-13T18:02:31.563Z,AUTH_ID
944,46476,7383,PDA,P,2021-05-14,2021-05-10T18:02:31.547Z,2021-05-12T18:02:31.557Z,AUTH_ID
945,23023,3729,PDA,P,2021-05-13,2021-05-12T18:02:31.550Z,2021-05-12T18:02:31.573Z,AUTH_ID
946,21242,7375,PDA,P,2021-05-12,2021-05-15T18:02:31.585Z,2021-05-12T18:02:31.520Z,AUTH_ID
947,23555,7260,PDA,P,2021-05-15,2021-05-15T18:02:31.511Z,2021-05-15T18:02:31.528Z,AUTH_ID
948,36014,2730,PDA,P,2021-05-10,2021-05-12T18:02:31.548Z,2021-05-12T18:02:31.569Z,AUTH_ID
949,32510,7077,PDA,P,2021-05-13,2021-05-12T18:02:31.577Z,2021-05-12T18:02:31.577Z,AUTH_ID
950,47055,8324,PDA,P,2021-05-14,2021-05-10T18:02:31.576Z,2021-05-15T18:02:31.556Z,AUTH_ID
951,19899,4816,PDA,P,2021-05-11,2021-05-12T18:02:31.578Z,2021-05-14T18:02:31.543Z,AUTH_ID
952,31268,5395,PDA,P,2021-05-15,2021-05-13T18:02:31.563Z,2021-05-13T18:02:31.584Z,AUTH_ID
953,45052,5607,PDA,P,2021-05-14,2021-05-14T18:02:31.500Z,2021-05-10T18:02:31.562Z,AUTH_ID
954,35132,6133,PDA,P,2021-05-15,2021-05-10T18:02:31.594Z,2021-05-12T18:02:31.530Z,AUTH_ID
955,11176,8047,PDA,P,2021-05-13,2021-05-12T18:02:31.516Z,2021-05-10T18:02:31.544Z,AUTH_ID
956,27027,9009,PDA,P,2021-05-10,2021-05-12T18:02:31.510Z,2021-05-13T18:02:31.539Z,AUTH_ID
957,16432,8630,PDA,P,2021-05-15,2021-05-12T18:02:31.590Z,2021-05-11T18:02:31.567Z,AUTH_ID
958,5480,3735,PDA,P,2021-05-12,2021-05-11T18:02:31.520Z,2021-05-15T18:02:31.511Z,AUTH_ID
959,27019,2751,PDA,P,2021-05-15,2021-05-13T18:02:31.523Z,2021-05-13T18:02:31.598Z,AUTH_ID
960,35784,6715,PDA,P,2021-05-10,2021-05-15T18:02:31.517Z,2021-05-14T18:02:31.599Z,AUTH_ID
961,21247,7306,PDA,P,2021-05-10,2021-05-12T18:02:31.523Z,2021-05-13T18:02:31.597Z,AUTH_ID
962,31526,9543,PDA,P,2021-05-10,2021-05-15T18:02:31.512Z,2021-05-15T18:02:31.570Z,AUTH_ID
963,13166,8785,PDA,P,2021-05-14,2021-05-12T18:02:31.509Z,2021-05-14T18:02:31.527Z,AUTH_ID
964,39273,9248,PDA,P,2021-05-14,2021-05-11T18:02:31.535Z,2021-05-12T18:02:31.542Z,AUTH_ID
965,4440,5276,PDA,P,2021-05-14,2021-05-14T18:02:31.535Z,2021-05-13T18:02:31.546Z,AUTH_ID
966,47948,5459,PDA,P,2021-05-10,2021-05-14T18:02:31.518Z,2021-05-15T18:02:31.511Z,AUTH_ID
967,20258,5205,PDA,P,2021-05-11,2021-05-10T18:02:31.599Z,2021-05-11T18:02:31.568Z,AUTH_ID
968,42740,9176,PDA,P,2021-05-13,2021-05-13T18:02:31.535Z,2021-05-10T18:02:31.509Z,AUTH_ID
969,27980,3765,PDA,P,2021-05-12,2021-05-14T18:02:31.558Z,2021-05-12T18:02:31.594Z,AUTH_ID
970,10561,9306,PDA,P,2021-05-10,2021-05-12T18:02:31.534Z,2021-05-12T18:02:31.593Z,AUTH_ID
971,35454,6151,PDA,P,2021-05-12,2021-05-13T18:02:31.579Z,2021-05-12T18:02:31.551Z,AUTH_ID
972,27521,4526,PDA,P,2021-05-11,2021-05-12T18:02:31.525Z,2021-05-14T18:02:31.600Z,AUTH_ID
973,18106,9761,PDA,P,2021-05-12,2021-05-12T18:02:31.550Z,2021-05-12T18:02:31.517Z,AUTH_ID
974,42556,4046,PDA,P,2021-05-13,2021-05-13T18:02:31.533Z,2021-05-10T18:02:31.552Z,AUTH_ID
975,22509,8244,PDA,P,2021-05-14,2021-05-13T18:02:31.532Z,2021-05-13T18:02:31.518Z,AUTH_ID
976,2895,7959,PDA,P,2021-05-13,2021-05-12T18:02:31.565Z,2021-05-10T18:02:31.535Z,AUTH_ID
977,16923,8703,PDA,P,2021-05-11,2021-05-11T18:02:31.600Z,2021-05-15T18:02:31.547Z,AUTH_ID
978,36960,4423,PDA,P,2021-05-11,2021-05-12T18:02:31.503Z,2021-05-12T18:02:31.561Z,AUTH_ID
979,42105,9691,PDA,P,2021-05-15,2021-05-14T18:02:31.519Z,2021-05-15T18:02:31.598Z,AUTH_ID
980,36534,9671,PDA,P,2021-05-11,2021-05-10T18:02:31.591Z,2021-05-11T18:02:31.556Z,AUTH_ID
981,43833,8067,PDA,P,2021-05-11,2021-05-11T18:02:31.545Z,2021-05-11T18:02:31.502Z,AUTH_ID
982,29773,2527,PDA,P,2021-05-15,2021-05-15T18:02:31.504Z,2021-05-11T18:02:31.562Z,AUTH_ID
983,26131,8889,PDA,P,2021-05-13,2021-05-11T18:02:31.502Z,2021-05-10T18:02:31.599Z,AUTH_ID
984,7316,8823,PDA,P,2021-05-11,2021-05-15T18:02:31.566Z,2021-05-10T18:02:31.503Z,AUTH_ID
985,11180,3043,PDA,P,2021-05-12,2021-05-14T18:02:31.563Z,2021-05-15T18:02:31.585Z,AUTH_ID
986,2233,9201,PDA,P,2021-05-12,2021-05-12T18:02:31.595Z,2021-05-15T18:02:31.595Z,AUTH_ID
987,16762,2227,PDA,P,2021-05-12,2021-05-10T18:02:31.583Z,2021-05-15T18:02:31.555Z,AUTH_ID
988,5809,7899,PDA,P,2021-05-10,2021-05-15T18:02:31.595Z,2021-05-14T18:02:31.508Z,AUTH_ID
989,40216,8784,PDA,P,2021-05-11,2021-05-11T18:02:31.555Z,2021-05-13T18:02:31.578Z,AUTH_ID
990,4578,5825,PDA,P,2021-05-14,2021-05-13T18:02:31.593Z,2021-05-10T18:02:31.536Z,AUTH_ID
991,7768,7712,PDA,P,2021-05-15,2021-05-10T18:02:31.551Z,2021-05-13T18:02:31.510Z,AUTH_ID
992,33838,3452,PDA,P,2021-05-11,2021-05-13T18:02:31.544Z,2021-05-15T18:02:31.533Z,AUTH_ID
993,40691,5638,PDA,P,2021-05-14,2021-05-15T18:02:31.595Z,2021-05-10T18:02:31.521Z,AUTH_ID
994,5004,9539,PDA,P,2021-05-11,2021-05-12T18:02:31.560Z,2021-05-10T18:02:31.536Z,AUTH_ID
995,15773,6498,PDA,P,2021-05-11,2021-05-15T18:02:31.539Z,2021-05-12T18:02:31.551Z,AUTH_ID
996,22042,2946,PDA,P,2021-05-12,2021-05-15T18:02:31.559Z,2021-05-12T18:02:31.518Z,AUTH_ID
997,16254,2432,PDA,P,2021-05-13,2021-05-14T18:02:31.554Z,2021-05-14T18:02:31.558Z,AUTH_ID
998,42255,4719,PDA,P,2021-05-10,2021-05-14T18:02:31.525Z,2021-05-13T18:02:31.523Z,AUTH_ID
999,46334,9046,PDA,P,2021-05-11,2021-05-10T18:02:31.593Z,2021-05-12T18:02:31.545Z,AUTH_ID
